{
  "state": "alabama",
  "path": "title-title-45-local-laws/chapter-chapter-46a-marengo-county-municipalities",
  "sections": [
    {
      "id": "section-1",
      "number": "1",
      "heading": "Dayton.Article 2 - Demopolis.Article 3 - Faunsdale",
      "text": "Article 4 - Linden.Article 5 - Mckinley.Article 6 - Myrtlewood.Article 7 - Sweet Water.Article 8 - Thomaston.Article 9 - Uniontown.",
      "history": "",
      "source_url": ""
    },
    {
      "id": "section-2",
      "number": "2",
      "heading": "Demopolis.",
      "text": "Demopolis.",
      "history": "",
      "source_url": ""
    },
    {
      "id": "section-3",
      "number": "3",
      "heading": "Faunsdale.",
      "text": "Faunsdale.",
      "history": "",
      "source_url": ""
    },
    {
      "id": "section-4",
      "number": "4",
      "heading": "Linden.",
      "text": "Linden.",
      "history": "",
      "source_url": ""
    },
    {
      "id": "section-5",
      "number": "5",
      "heading": "Mckinley.",
      "text": "Mckinley.",
      "history": "",
      "source_url": ""
    },
    {
      "id": "section-6",
      "number": "6",
      "heading": "Myrtlewood.",
      "text": "Myrtlewood.",
      "history": "",
      "source_url": ""
    },
    {
      "id": "section-7",
      "number": "7",
      "heading": "Sweet Water.",
      "text": "Sweet Water.",
      "history": "",
      "source_url": ""
    },
    {
      "id": "section-8",
      "number": "8",
      "heading": "Thomaston.",
      "text": "Thomaston.",
      "history": "",
      "source_url": ""
    },
    {
      "id": "section-9",
      "number": "9",
      "heading": "Uniontown.",
      "text": "Uniontown.",
      "history": "",
      "source_url": ""
    }
  ]
}