{
  "state": "alabama",
  "path": "title-title-45-local-laws/chapter-chapter-17a-colbert-county-municipalities",
  "sections": [
    {
      "id": "section-1",
      "number": "1",
      "heading": "Big Spring.Article 2 - Cherokee",
      "text": "Article 3 - Leighton.Article 4 - Littleville.Article 5 - Muscle Shoals.Article 6 - Ococoposo.Article 7 - Sheffield.Article 8 - Tuscumbia.",
      "history": "",
      "source_url": ""
    },
    {
      "id": "section-2",
      "number": "2",
      "heading": "Cherokee.",
      "text": "Cherokee.",
      "history": "",
      "source_url": ""
    },
    {
      "id": "section-3",
      "number": "3",
      "heading": "Leighton.",
      "text": "Leighton.",
      "history": "",
      "source_url": ""
    },
    {
      "id": "section-4",
      "number": "4",
      "heading": "Littleville.",
      "text": "Littleville.",
      "history": "",
      "source_url": ""
    },
    {
      "id": "section-5",
      "number": "5",
      "heading": "Muscle Shoals.",
      "text": "Muscle Shoals.",
      "history": "",
      "source_url": ""
    },
    {
      "id": "section-6",
      "number": "6",
      "heading": "Ococoposo.",
      "text": "Ococoposo.",
      "history": "",
      "source_url": ""
    },
    {
      "id": "section-7",
      "number": "7",
      "heading": "Sheffield.",
      "text": "Sheffield.",
      "history": "",
      "source_url": ""
    },
    {
      "id": "section-8",
      "number": "8",
      "heading": "Tuscumbia.",
      "text": "Tuscumbia.",
      "history": "",
      "source_url": ""
    }
  ]
}