{
  "state": "alabama",
  "path": "title-title-45-local-laws/chapter-chapter-32a-greene-county-municipalities",
  "sections": [
    {
      "id": "section-1",
      "number": "1",
      "heading": "Boligee.Article 2 - Clinton.Article 3 - Erie",
      "text": "Article 4 - Eutaw.Article 5 - Forkland.Article 6 - Greensborough.Article 7 - Haysville.Article 8 - Springfield.",
      "history": "",
      "source_url": ""
    },
    {
      "id": "section-2",
      "number": "2",
      "heading": "Clinton.",
      "text": "Clinton.",
      "history": "",
      "source_url": ""
    },
    {
      "id": "section-3",
      "number": "3",
      "heading": "Erie.",
      "text": "Erie.",
      "history": "",
      "source_url": ""
    },
    {
      "id": "section-4",
      "number": "4",
      "heading": "Eutaw.",
      "text": "Eutaw.",
      "history": "",
      "source_url": ""
    },
    {
      "id": "section-5",
      "number": "5",
      "heading": "Forkland.",
      "text": "Forkland.",
      "history": "",
      "source_url": ""
    },
    {
      "id": "section-6",
      "number": "6",
      "heading": "Greensborough.",
      "text": "Greensborough.",
      "history": "",
      "source_url": ""
    },
    {
      "id": "section-7",
      "number": "7",
      "heading": "Haysville.",
      "text": "Haysville.",
      "history": "",
      "source_url": ""
    },
    {
      "id": "section-8",
      "number": "8",
      "heading": "Springfield.",
      "text": "Springfield.",
      "history": "",
      "source_url": ""
    }
  ]
}