{
  "state": "alabama",
  "path": "title-title-45-local-laws/chapter-chapter-42a-limestone-county-municipalities",
  "sections": [
    {
      "id": "section-1",
      "number": "1",
      "heading": "Ardmore.Article 2 - Athens.Article 3 - Decatur.Article 4 - Elkmont.Article 5 - Lester.Article 6 - MadisonArticle 7 - Mooresville.",
      "text": "Ardmore.Article 2 - Athens.Article 3 - Decatur.Article 4 - Elkmont.Article 5 - Lester.Article 6 - MadisonArticle 7 - Mooresville.",
      "history": "",
      "source_url": ""
    },
    {
      "id": "section-2",
      "number": "2",
      "heading": "Athens.",
      "text": "Athens.",
      "history": "",
      "source_url": ""
    },
    {
      "id": "section-3",
      "number": "3",
      "heading": "Decatur.",
      "text": "Decatur.",
      "history": "",
      "source_url": ""
    },
    {
      "id": "section-4",
      "number": "4",
      "heading": "Elkmont.",
      "text": "Elkmont.",
      "history": "",
      "source_url": ""
    },
    {
      "id": "section-5",
      "number": "5",
      "heading": "Lester.",
      "text": "Lester.",
      "history": "",
      "source_url": ""
    },
    {
      "id": "section-6",
      "number": "6",
      "heading": "Madison",
      "text": "Madison",
      "history": "",
      "source_url": ""
    },
    {
      "id": "section-7",
      "number": "7",
      "heading": "Mooresville.",
      "text": "Mooresville.",
      "history": "",
      "source_url": ""
    }
  ]
}