{
  "state": "alabama",
  "path": "title-title-45-local-laws/chapter-chapter-38a-lamar-county-municipalities",
  "sections": [
    {
      "id": "section-1",
      "number": "1",
      "heading": "Beaverton.Article 2 - Detroit.Article 3 - Kennedy.Article 4 - Millport.Article 5 - Sulligent.Article 6 - Vernon.",
      "text": "Beaverton.Article 2 - Detroit.Article 3 - Kennedy.Article 4 - Millport.Article 5 - Sulligent.Article 6 - Vernon.",
      "history": "",
      "source_url": ""
    },
    {
      "id": "section-2",
      "number": "2",
      "heading": "Detroit.",
      "text": "Detroit.",
      "history": "",
      "source_url": ""
    },
    {
      "id": "section-3",
      "number": "3",
      "heading": "Kennedy.",
      "text": "Kennedy.",
      "history": "",
      "source_url": ""
    },
    {
      "id": "section-4",
      "number": "4",
      "heading": "Millport.",
      "text": "Millport.",
      "history": "",
      "source_url": ""
    },
    {
      "id": "section-5",
      "number": "5",
      "heading": "Sulligent.",
      "text": "Sulligent.",
      "history": "",
      "source_url": ""
    },
    {
      "id": "section-6",
      "number": "6",
      "heading": "Vernon.",
      "text": "Vernon.",
      "history": "",
      "source_url": ""
    }
  ]
}