{
  "state": "new-mexico",
  "path": "title-chapter-12-miscellaneous-public-affairs-matters/chapter-article-5-public-holidays",
  "sections": [
    {
      "id": "section-12-5-1",
      "number": "12-5-1",
      "heading": "[Arbor Day; establishment; observance",
      "text": "The second Friday in March of each year shall be set apart and known as Arbor Day, to be observed by the people of this state in the planting of forest trees for the benefit and adornment of public and private grounds, places and ways, and in such other efforts and undertakings as shall be in harmony with the general character of the day so established; provided, that the actual planting of trees may be done on the day designated or at such other most convenient times as may best conform to local climatic conditions, such other time to be designated and due notice thereof given by the several county superintendents of schools for their respective counties.\n\nThe day as above designated shall be a holiday in all public schools of the state, and school officers and teachers are required to have the schools, under their respective charge, observe the day by planting of trees or other appropriate exercises.\n\nAnnually, at the proper season, the governor shall issue a proclamation, calling the attention of the people to the provisions of this section and recommending and enjoining its due observance. The respective county superintendents of schools shall also promote by all proper means the observance of the day, and the said county superintendents of schools shall make annual reports to the governor of the state of the action taken in this behalf in their respective counties.\n\nHistory:Laws 1891, ch. 35, §§ 1-3; C.L. 1897, § 1625a; Code 1915, § 2726; C.S. 1929, § 65-101; 1941 Comp., § 59-101; 1953 Comp., § 56-1-1.\n\nBracketed material.— The bracketed material was inserted by the compiler and is not part of the law.\n\nLegal holiday not necessarily state employee business holiday.— A statutory designation of legal holidays does not result in that day being a business holiday for state employees. 1961 Op. Att'y Gen. No. 61-18.\n\nUnless statute, or governor, so directs.— A legal holiday need not be observed by state offices and agencies unless the language of the statute so directs, or unless the governor designates such day as a holiday for state employees. 1961 Op. Att'y Gen. No. 61-18.",
      "history": "",
      "source_url": "https://law.justia.com/codes/new-mexico/chapter-12/article-5/section-12-5-1/"
    },
    {
      "id": "section-12-5-2",
      "number": "12-5-2",
      "heading": "Legal holidays; designation.",
      "text": "Legal public holidays in New Mexico are:\n\nA. New Year's day, January 1;\n\nB. Martin Luther King, Jr.'s birthday, third Monday in January;\n\nC. Washington's and Lincoln's birthday, President's day, third Monday in February;\n\nD. Memorial day, last Monday in May;\n\nE. Independence day, July 4;\n\nF. Labor day, first Monday in September;\n\nG. Indigenous Peoples' day, second Monday in October;\n\nH. Armistice day and Veterans' day, November 11;\n\nI. Thanksgiving day, fourth Thursday in November; and\n\nJ. Christmas day, December 25.\n\nHistory:1953 Comp., § 56-1-2, enacted by Laws 1969, ch. 114, § 1; 1971, ch. 98, § 1; 1975, ch. 13, § 1; 1987, ch. 3, § 1; 1987, ch. 309, § 1; 2019, ch. 123, § 1.\n\nRepeals and reenactments.— Laws 1969, ch. 114, § 1, repealed former 56-1-2, 1953 Comp., relating to the designation of November 11, Veterans' Day, as a legal holiday, and enacted a new 56-1-2, 1953 Comp.\n\nThe 2019 amendment,effective July 1, 2019, replaced Columbus day with Indigenous Peoples' day as a legal public holiday in New Mexico; in Subsection G, after the subsection designation, deleted \"Columbus\" and added \"Indigenous Peoples'\".\n\nThe 1987 Amendments.— Laws 1987, ch. 309, § 1, added the subsection designations, added Subsection B; in Subsection C, inserted \"and Lincoln's\" and \"President's day\"; and in Subsection D, substituted \"last Monday in May\" for \"May 30\".\n\nLaws 1987, ch. 3, § 1, substituted \"last Monday in May\" for \"May 30\" in Subsection D.\n\nGood Friday.— Although under this section, Good Friday is not listed as a designated legal holiday, Paragraph A of Rule 12-308, R. App. P., defines \"legal holiday\" for the purpose of the rules for appellate civil procedure.Public Serv. Co. v. Catron, 1982-NMSC-050, 98 N.M. 134, 646 P.2d 561.\n\nState employees paid for day given as compensatory time.— State employees who were given a holiday by their department head on November 24, 1961, may be paid for this day, since the date constituted compensatory time for an officially declared holiday. 1961 Op. Att'y Gen. No. 61-121.\n\nAm. Jur. 2d, A.L.R. and C.J.S. references.— 73 Am. Jur. 2d Sundays and Holidays §§ 1 to 5.\n\n40 C.J.S. Holidays §§ 1 to 3.",
      "history": "",
      "source_url": "https://law.justia.com/codes/new-mexico/chapter-12/article-5/section-12-5-2/"
    },
    {
      "id": "section-12-5-3",
      "number": "12-5-3",
      "heading": "Legal holidays; Sundays; effect on commercial paper.",
      "text": "A. Whenever a legal public holiday falls on Sunday, the following Monday is a legal public holiday.\n\nB. Any bill, check or note presentable for acceptance or payment on a legal public holiday or on a Sunday is payable and presentable for acceptance or payment on the next business day after the legal public holiday or Sunday.\n\nHistory:1953 Comp., § 56-1-3, enacted by Laws 1969, ch. 114, § 2.\n\nRepeals and reenactments.— Laws 1969, ch. 114, § 2, repealed 56-1-3, 1953 Comp., relating to the designation of October 12, Columbus Day, as a legal holiday, and enacted a new section.\n\nAm. Jur. 2d, A.L.R. and C.J.S. references.— 10 Am. Jur. 2d Banks § 710; 11 Am. Jur. 2d Bills and Notes §§ 49, 732, 736; 73 Am. Jur. 2d Sundays and Holidays § 5.\n\n10 C.J.S. Bills and Notes §§ 37, 208; 40 C.J.S. Holidays § 4.",
      "history": "",
      "source_url": "https://law.justia.com/codes/new-mexico/chapter-12/article-5/section-12-5-3/"
    },
    {
      "id": "section-12-5-4",
      "number": "12-5-4",
      "heading": "[August 3rd designated Ernie Pyle Day.]",
      "text": "In appreciation of the splendid work as a writer and war correspondent, and the great credit reflected upon the state of New Mexico by Ernie Pyle, one of her outstanding citizens, his birthday, August 3rd, of each year, is hereby designated as Ernie Pyle Day, upon which appropriate ceremonies shall be held in his honor and in honor of all members of the armed forces of the United States serving so valiantly in the present world war [World War II].\n\nHistory:1941 Comp., § 59-107, enacted by Laws 1945, ch. 30, § 1; 1953 Comp., § 56-1-4.\n\nBracketed material.— The bracketed material was inserted by the compiler and is not part of the law.",
      "history": "",
      "source_url": "https://law.justia.com/codes/new-mexico/chapter-12/article-5/section-12-5-4/"
    },
    {
      "id": "section-12-5-5",
      "number": "12-5-5",
      "heading": "[Onate Day.]",
      "text": "The governor shall designate for the benefit of the state of New Mexico in connection with an annual celebration held in the Espanola valley each year during the month of July, a day during said month to be known as Onate Day.\n\nHistory:1941 Comp., § 59-108, enacted by Laws 1949, ch. 85, § 2; 1953 Comp., § 56-1-5.\n\nBracketed material.— The bracketed material was inserted by the compiler and is not part of the law.\n\nCompiler's notes.— Laws 1949, ch. 85, § 1, was a preamble which stated that the heritage of the state of New Mexico benefited greatly from the Spanish Conquistadores and that it was proper to honor Juan de Onate, one of the conquistadores.",
      "history": "",
      "source_url": "https://law.justia.com/codes/new-mexico/chapter-12/article-5/section-12-5-5/"
    },
    {
      "id": "section-12-5-6",
      "number": "12-5-6",
      "heading": "American History Month.",
      "text": "The month of February is designated \"American History Month.\"\n\nHistory:1953 Comp., § 56-1-6, enacted by Laws 1971, ch. 10, § 1.\n\nRepeals and reenactments.— Laws 1969, ch. 114, § 3, repealed old 56-1-6, 1953 Comp., relating to the designation of February 12, Lincoln's birthday, as a legal holiday, and Laws 1971, ch. 10, § 1, enacted a new section.",
      "history": "",
      "source_url": "https://law.justia.com/codes/new-mexico/chapter-12/article-5/section-12-5-6/"
    },
    {
      "id": "section-12-5-7",
      "number": "12-5-7",
      "heading": "Bataan Day.",
      "text": "In honor of the brave and patriotic New Mexicans composing the 200th and 515th Coast Artillery Regiments (anti-aircraft) who served in the Philippine Islands during World War Two, fighting insuperable odds and enduring every deprivation, and who, following surrender, entered upon a tragic \"death march,\" the day of April 9 is designated \"Bataan Day.\"\n\nHistory:1953 Comp., § 56-1-6.1, enacted by Laws 1971, ch. 63, § 1.\n\nCompiler's notes.— Although this section was enacted as 56-1-6, 1953 Comp., by Laws 1971, ch. 63, § 1, the compiler classified it as 56-1-6.1, 1953 Comp., since Laws 1971, ch. 10, § 1 also enacted a section 56-1-6, 1953 Comp.",
      "history": "",
      "source_url": "https://law.justia.com/codes/new-mexico/chapter-12/article-5/section-12-5-7/"
    },
    {
      "id": "section-12-5-8",
      "number": "12-5-8",
      "heading": "Repealed.",
      "text": "Repeals.— Laws 1987, ch. 309, § 2 repealed 12-5-8 NMSA 1978, as enacted by Laws 1983, ch. 235, § 1, relating to Martin Luther King, Jr.'s birthday, effective June 19, 1987. For present comparable provisions,see12-5-2 NMSA 1978.",
      "history": "",
      "source_url": "https://law.justia.com/codes/new-mexico/chapter-12/article-5/section-12-5-8/"
    },
    {
      "id": "section-12-5-9",
      "number": "12-5-9",
      "heading": "American Indian day.",
      "text": "The first Friday of February of each year shall be set apart and be known as \"American Indian day\", in recognition of the many contributions of the American Indians to the economic and cultural heritage of all the citizens of the United States. This day shall be observed by the people of New Mexico in such efforts and undertakings as shall be in harmony with the general character of the day so established.\n\nHistory:Laws 1987, ch. 24, § 1; 2005, ch. 261, § 1.\n\nThe 2005 amendment,effective June 17, 2005, changed the day set apart as American Indian Day from the first Tuesday to the first Friday of February of each year.",
      "history": "",
      "source_url": "https://law.justia.com/codes/new-mexico/chapter-12/article-5/section-12-5-9/"
    },
    {
      "id": "section-12-5-10",
      "number": "12-5-10",
      "heading": "[Guadalupe-Hidalgo treaty day.]",
      "text": "February 2 of each year shall be set apart and known as \"Guadalupe Hidalgo treaty day\" in recognition and commemoration of the day in 1848 on which the Treaty of Peace, Friendship, Limits and Settlement, commonly known as the Treaty of Guadalupe Hidalgo, was executed between the United States and the Mexican Republic.\n\nHistory:Laws 1997, ch. 77, § 1.\n\nBracketed material.— The bracketed material was inserted by the compiler and is not part of the law.\n\nEffective dates.— Laws 1997, ch. 77 contained no effective date provision, but, pursuant to N.M. Const., art. IV, § 23, was effective June 20, 1997, 90 days after adjournment of the legislature.\n\nCross references.— For the Treaty of Guadalupe Hidalgo,seeTreaty of Peace Between the United States and Mexico onNMOneSource.com.",
      "history": "",
      "source_url": "https://law.justia.com/codes/new-mexico/chapter-12/article-5/section-12-5-10/"
    },
    {
      "id": "section-12-5-11",
      "number": "12-5-11",
      "heading": "Family day.",
      "text": "The governor shall proclaim the second Sunday in September of each year as \"Family Day\". Suitable exercises for the observance of the day shall be held in the state capitol and elsewhere as the governor designates.\n\nHistory:Laws 1999, ch. 50, § 1.\n\nEffective dates.— Laws 1999, ch. 50 contained no effective date provision, but, pursuant to N.M. Const., art. IV, § 23, was effective June 18, 1999, 90 days after adjournment of the legislature.",
      "history": "",
      "source_url": "https://law.justia.com/codes/new-mexico/chapter-12/article-5/section-12-5-11/"
    },
    {
      "id": "section-12-5-12",
      "number": "12-5-12",
      "heading": "African-American day.",
      "text": "The second Friday of February of each year shall be set apart and be known as \"African-American day\", in recognition of the many contributions and sacrifices African-Americans have made to ensure the rights of all Americans, so that they may be free and equal citizens and full participants in the governing of the state and the nation. African-American day shall be observed by the people of New Mexico in efforts and undertakings that celebrate the diversity of the cultural heritage of New Mexicans, that recognize that February is Black history month and that are expressions in harmony with the general character of the day so established.\n\nHistory:Laws 1999, ch. 66, § 1.\n\nEffective dates.— Laws 1999, ch. 66 contained no effective date provision, but, pursuant to N.M. Const., art. IV, § 23, was effective June 18, 1999, 90 days after adjournment of the legislature.",
      "history": "",
      "source_url": "https://law.justia.com/codes/new-mexico/chapter-12/article-5/section-12-5-12/"
    },
    {
      "id": "section-12-5-13",
      "number": "12-5-13",
      "heading": "Hispanic culture day.",
      "text": "The second Tuesday of February of each odd-numbered year shall be known and celebrated as \"Hispanic culture day\" in recognition of the many contributions, sacrifices and accomplishments of Hispanic people from throughout the world who have built New Mexico into a beautiful and dynamic mosaic of cultural diversity. This day shall be observed with celebrations that honor all past, present and future Hispanic citizens and leaders in ways that enhance relationships among all the people of New Mexico.\n\nHistory:Laws 2001, ch. 193, § 1; 2003, ch. 3, § 1.\n\nThe 2003 amendment,effective June 20, 2003, inserted \"odd-numbered\" preceding \"year\" near the beginning of the first sentence.",
      "history": "",
      "source_url": "https://law.justia.com/codes/new-mexico/chapter-12/article-5/section-12-5-13/"
    },
    {
      "id": "section-12-5-14",
      "number": "12-5-14",
      "heading": "Juneteenth Freedom Day established.",
      "text": "The \"Juneteenth Freedom Day\" is created. It shall be commemorated on the third Saturday in June of each year and be observed by:\n\nA. reflecting on the history of African-American slavery in the United States; the experience of Africans brought to the United States in a five- to twelve-week journey across the Atlantic; the deaths of thousands of Africans who died in inhuman conditions of passage; the abuse of African-American slaves, including whipping, castration, branding and rape; the importance of the Thirteenth Amendment of the United States constitution abolishing slavery throughout the United States and its territories; and the significance of June 19, 1865, the day on which the message of freedom and abolition reached the western states; and\n\nB. recognizing the importance of Americans of African descent as American citizens and New Mexico residents.\n\nHistory:Laws 2006, ch. 68, § 1.\n\nEffective dates.— Laws 2006, ch. 68 contained no effective date provision, but, pursuant to N.M. Const., art. IV, § 23, was effective May 17, 2006, 90 days after adjournment of the legislature.",
      "history": "",
      "source_url": "https://law.justia.com/codes/new-mexico/chapter-12/article-5/section-12-5-14/"
    },
    {
      "id": "section-12-5-15",
      "number": "12-5-15",
      "heading": "Hemophilia Awareness Day.",
      "text": "The governor shall declare the second Monday in June of each year \"Hemophilia Awareness Day\".\n\nHistory:Laws 2007, ch. 98, § 1.\n\nEffective dates.— Laws 2007, ch. 98, contained no effective date provision, but, pursuant to N.M. Const., art. IV, § 23, was effective June 15, 2007, 90 days after the adjournment of the legislature.",
      "history": "",
      "source_url": "https://law.justia.com/codes/new-mexico/chapter-12/article-5/section-12-5-15/"
    },
    {
      "id": "section-12-5-16",
      "number": "12-5-16",
      "heading": "Firefighter Day of Remembrance.",
      "text": "September 11 of each year shall be set apart and known as \"Firefighter Day of Remembrance\", celebrating the important, brave and compassionate work of firefighters and honoring all firefighters who have fallen in the line of duty.\n\nHistory:Laws 2007, ch. 241, § 1.\n\nEffective dates.— Laws 2007, ch. 242 contained no effective date provision, but, pursuant to N.M. Const., art. IV, § 23, was effective June 15, 2007, 90 days after the adjournment of the legislature.",
      "history": "",
      "source_url": "https://law.justia.com/codes/new-mexico/chapter-12/article-5/section-12-5-16/"
    },
    {
      "id": "section-12-5-17",
      "number": "12-5-17",
      "heading": "New Mexico Youth Day.",
      "text": "The first Saturday of August of each year shall be set apart and known as \"New Mexico Youth Day\", celebrating the importance of children in New Mexico. This day shall be observed by the people of New Mexico with activities encouraging parents and guardians to spend time with their children.\n\nHistory:Laws 2007, ch. 354, § 1 and Laws 2007, ch. 358, § 1.\n\nDuplicate laws.— Laws 2007, ch. 354, § 1 and Laws 2007, ch. 358, § 1, effective June 15, 2007, enacted identical new sections. The section was set out as enacted by Laws 2007, ch. 358, § 1.See12-1-8 NMSA 1978.",
      "history": "",
      "source_url": "https://law.justia.com/codes/new-mexico/chapter-12/article-5/section-12-5-17/"
    },
    {
      "id": "section-12-5-18",
      "number": "12-5-18",
      "heading": "Bataan-Corregidor heritage month.",
      "text": "The month of April is designated \"Bataan-Corregidor heritage month\". The month shall be observed by the people of New Mexico in such efforts and undertakings as shall be in harmony with the general character of the month so established.\n\nHistory:Laws 2013, ch. 2, § 1.\n\nEmergency clauses.— Laws 2013, ch. 2, § 2 contained an emergency clause and was approved February 4, 2013.",
      "history": "",
      "source_url": "https://law.justia.com/codes/new-mexico/chapter-12/article-5/section-12-5-18/"
    },
    {
      "id": "section-12-5-19",
      "number": "12-5-19",
      "heading": "Rudolfo Anaya I Love to Read Day.",
      "text": "October 30 of each year shall be set apart and known as \"Rudolfo Anaya I Love to Read Day\" in recognition of the contributions made by Rudolfo Anaya to the culture and literature of New Mexico, of his commitment to the teaching of literature and of the critical need to improve the reading proficiency of New Mexicans, particularly children. \"Rudolfo Anaya I Love to Read Day\" is designated for the people of New Mexico to celebrate reading, strengthen literacy and undertake efforts and expressions in harmony with the general character of the day.\n\nHistory:Laws 2019, ch. 166, § 1.\n\nEffective dates.Laws 2019, ch. 166, § 1, contained no effective date provision, but, pursuant to N.M. Const., art. IV, § 23, was effective June 14, 2019, 90 days after the adjournment of the legislature.",
      "history": "",
      "source_url": "https://law.justia.com/codes/new-mexico/chapter-12/article-5/section-12-5-19/"
    },
    {
      "id": "section-12-5-20",
      "number": "12-5-20",
      "heading": "Asian American, Pacific Islander and Native Hawaiian Day.",
      "text": "The first Tuesday of February of each odd-numbered year shall be known and celebrated as \"Asian American, Pacific Islander and Native Hawaiian Day\" in recognition of the many cultural, economic and historic contributions and sacrifices Asian Americans, Pacific Islanders, Native Hawaiians, East Asians, Southeast Asians, South Asians and all other groups who have migrated from, have historical ties to or identify themselves as from Asia have made to New Mexico. This day shall be observed by the people of New Mexico in efforts and undertakings that celebrate the diversity of cultural and linguistic heritage in New Mexico; honor all past, present and future leaders in New Mexico who are Asian American, Pacific Islander, Native Hawaiian, East Asian, Southeast Asian and South Asian and all other groups who have migrated from, have historical ties to or identify themselves as from Asia; and are in harmony with the general character of the day so established.\n\nHistory:Laws 2023, ch. 6, § 1.\n\nEffective dates.— Laws 2023, ch. 6 contained no effective date provision, but, pursuant to N.M. Const., art. IV, § 23, was effective June 16, 2023, 90 days after adjournment of the legislature.",
      "history": "",
      "source_url": "https://law.justia.com/codes/new-mexico/chapter-12/article-5/section-12-5-20/"
    },
    {
      "id": "section-12-5-21",
      "number": "12-5-21",
      "heading": "Dolores Huerta Day.",
      "text": "April 10 of each year shall be set apart and known as \"Dolores Huerta Day\", in recognition of the contributions made by labor activist Dolores Huerta, who was born in Dawson, New Mexico, in her work to improve social and economic conditions for farm workers. Dolores Huerta Day is designated for the people of New Mexico to organize as a community and undertake efforts and expressions in harmony with the general character of the day.\n\nHistory:Laws 2023, ch. 179, § 1.\n\nEffective dates.— Laws 2023, ch. 179 contained no effective date provision, but, pursuant to N.M. Const., art. IV, § 23, was effective June 16, 2023, 90 days after adjournment of the legislature.",
      "history": "",
      "source_url": "https://law.justia.com/codes/new-mexico/chapter-12/article-5/section-12-5-21/"
    }
  ]
}