{
  "state": "new-hampshire",
  "path": "title-title-iii-towns-cities-village-districts-and-unincorporated-/chapter-chapter-50-parks",
  "sections": [
    {
      "id": "section-501",
      "number": "50:1",
      "heading": "Establishment.",
      "text": "Establishment.",
      "history": "",
      "source_url": ""
    },
    {
      "id": "section-502",
      "number": "50:2",
      "heading": "Discontinuance.",
      "text": "Discontinuance.",
      "history": "",
      "source_url": ""
    }
  ]
}