{
  "state": "new-hampshire",
  "path": "title-title-iii-towns-cities-village-districts-and-unincorporated-/chapter-chapter-38-d-energy-commissions",
  "sections": [
    {
      "id": "section-38-d1",
      "number": "38-D:1",
      "heading": "Method of Adoption.",
      "text": "Method of Adoption.",
      "history": "",
      "source_url": ""
    },
    {
      "id": "section-38-d2",
      "number": "38-D:2",
      "heading": "Energy Commission.",
      "text": "Energy Commission.",
      "history": "",
      "source_url": ""
    },
    {
      "id": "section-38-d3",
      "number": "38-D:3",
      "heading": "Membership.",
      "text": "Membership.",
      "history": "",
      "source_url": ""
    },
    {
      "id": "section-38-d4",
      "number": "38-D:4",
      "heading": "Duties.",
      "text": "Duties.",
      "history": "",
      "source_url": ""
    },
    {
      "id": "section-38-d5",
      "number": "38-D:5",
      "heading": "Appropriations Authorized.",
      "text": "Appropriations Authorized.",
      "history": "",
      "source_url": ""
    },
    {
      "id": "section-38-d6",
      "number": "38-D:6",
      "heading": "Energy Commission Support.",
      "text": "Energy Commission Support.",
      "history": "",
      "source_url": ""
    }
  ]
}