{
  "state": "new-hampshire",
  "path": "title-title-iii-towns-cities-village-districts-and-unincorporated-/chapter-chapter-36-b-interstate-regional-planning-compact",
  "sections": [
    {
      "id": "section-36-b1",
      "number": "36-B:1",
      "heading": "Compact Authorized.",
      "text": "Compact Authorized.",
      "history": "",
      "source_url": ""
    },
    {
      "id": "section-36-b2",
      "number": "36-B:2",
      "heading": "Title.",
      "text": "Title.",
      "history": "",
      "source_url": ""
    }
  ]
}