{
  "state": "missouri",
  "path": "title-9-public-holidays/chapter-9-public-holidays",
  "sections": [
    {
      "id": "section-9005",
      "number": "9.005",
      "heading": "John Donaldson Day, February 20.",
      "text": "",
      "history": "",
      "source_url": ""
    },
    {
      "id": "section-9010",
      "number": "9.010",
      "heading": "Public holidays.",
      "text": "",
      "history": "",
      "source_url": ""
    },
    {
      "id": "section-9015",
      "number": "9.015",
      "heading": "Federal holidays, no ban or restriction on, when.",
      "text": "",
      "history": "",
      "source_url": ""
    },
    {
      "id": "section-9020",
      "number": "9.020",
      "heading": "Designation of certain holidays.",
      "text": "",
      "history": "",
      "source_url": ""
    },
    {
      "id": "section-9030",
      "number": "9.030",
      "heading": "Governor to proclaim Jefferson Day.",
      "text": "",
      "history": "",
      "source_url": ""
    },
    {
      "id": "section-9035",
      "number": "9.035",
      "heading": "May 8, Truman Day.",
      "text": "",
      "history": "",
      "source_url": ""
    },
    {
      "id": "section-9040",
      "number": "9.040",
      "heading": "Missouri Day, third Wednesday of October — how observed.",
      "text": "",
      "history": "",
      "source_url": ""
    },
    {
      "id": "section-9042",
      "number": "9.042",
      "heading": "April 15, Jackie Robinson Day.",
      "text": "",
      "history": "",
      "source_url": ""
    },
    {
      "id": "section-9043",
      "number": "9.043",
      "heading": "July 1, Lucile Bluford Day.",
      "text": "",
      "history": "",
      "source_url": ""
    },
    {
      "id": "section-9045",
      "number": "9.045",
      "heading": "First full week of March, Multiple Sclerosis Awareness Week.",
      "text": "",
      "history": "",
      "source_url": ""
    },
    {
      "id": "section-9050",
      "number": "9.050",
      "heading": "May 1, Law Day.",
      "text": "",
      "history": "",
      "source_url": ""
    },
    {
      "id": "section-9052",
      "number": "9.052",
      "heading": "Law Enforcement Appreciation Day designated for first Friday in May.",
      "text": "",
      "history": "",
      "source_url": ""
    },
    {
      "id": "section-9060",
      "number": "9.060",
      "heading": "June 14, Flag Day.",
      "text": "",
      "history": "",
      "source_url": ""
    },
    {
      "id": "section-9070",
      "number": "9.070",
      "heading": "April 9, Prisoners of War Remembrance Day.",
      "text": "",
      "history": "",
      "source_url": ""
    },
    {
      "id": "section-9072",
      "number": "9.072",
      "heading": "POW/MIA Recognition Day observed, when.",
      "text": "",
      "history": "",
      "source_url": ""
    },
    {
      "id": "section-9074",
      "number": "9.074",
      "heading": "Silver Star Families of America Day designated on May 1st.",
      "text": "",
      "history": "",
      "source_url": ""
    },
    {
      "id": "section-9080",
      "number": "9.080",
      "heading": "Korean War Veterans Day, how observed.",
      "text": "",
      "history": "",
      "source_url": ""
    },
    {
      "id": "section-9085",
      "number": "9.085",
      "heading": "Vietnam Veterans Day designated, when.",
      "text": "",
      "history": "",
      "source_url": ""
    },
    {
      "id": "section-9086",
      "number": "9.086",
      "heading": "Veterans of Operation Iraq/Enduring Freedom Day designated, when.",
      "text": "",
      "history": "",
      "source_url": ""
    },
    {
      "id": "section-9090",
      "number": "9.090",
      "heading": "Stars and stripes day designated for November 9.",
      "text": "",
      "history": "",
      "source_url": ""
    },
    {
      "id": "section-9100",
      "number": "9.100",
      "heading": "Arbor Day to be first Friday in April, how observed.",
      "text": "",
      "history": "",
      "source_url": ""
    },
    {
      "id": "section-9105",
      "number": "9.105",
      "heading": "Bird appreciation day observed, when.",
      "text": "",
      "history": "",
      "source_url": ""
    },
    {
      "id": "section-9110",
      "number": "9.110",
      "heading": "Pearl Harbor Remembrance Day designated.",
      "text": "",
      "history": "",
      "source_url": ""
    },
    {
      "id": "section-9115",
      "number": "9.115",
      "heading": "Patriots Day, April 19 — how observed.",
      "text": "",
      "history": "",
      "source_url": ""
    },
    {
      "id": "section-9117",
      "number": "9.117",
      "heading": "Battle of St. Louis Memorial day designated for May 26.",
      "text": "",
      "history": "",
      "source_url": ""
    },
    {
      "id": "section-9120",
      "number": "9.120",
      "heading": "Week of May 15, Peace Officers Memorial Week.",
      "text": "",
      "history": "",
      "source_url": ""
    },
    {
      "id": "section-9130",
      "number": "9.130",
      "heading": "Emergency Services Day observed, September 11.",
      "text": "",
      "history": "",
      "source_url": ""
    },
    {
      "id": "section-9132",
      "number": "9.132",
      "heading": "Emergency Personnel Appreciation Day, September 11 — how observed.",
      "text": "",
      "history": "",
      "source_url": ""
    },
    {
      "id": "section-9134",
      "number": "9.134",
      "heading": "United States flag and state flag to be flown at half-staff on September 11.",
      "text": "",
      "history": "",
      "source_url": ""
    },
    {
      "id": "section-9135",
      "number": "9.135",
      "heading": "United States flag and state flag to be flown at half-staff when a Missouri ...",
      "text": "",
      "history": "",
      "source_url": ""
    },
    {
      "id": "section-9136",
      "number": "9.136",
      "heading": "POW/MIA flag, display of encouraged on certain dates.",
      "text": "",
      "history": "",
      "source_url": ""
    },
    {
      "id": "section-9137",
      "number": "9.137",
      "heading": "Missouri school read-in day designated for second Friday in March.",
      "text": "",
      "history": "",
      "source_url": ""
    },
    {
      "id": "section-9138",
      "number": "9.138",
      "heading": "Science, technology, engineering, and math (STEM) week designated — ...",
      "text": "",
      "history": "",
      "source_url": ""
    },
    {
      "id": "section-9139",
      "number": "9.139",
      "heading": "Parent and Family Involvement in Education Week to be designated, second ...",
      "text": "",
      "history": "",
      "source_url": ""
    },
    {
      "id": "section-9140",
      "number": "9.140",
      "heading": "Missouri Lifelong Learning Month observed.",
      "text": "",
      "history": "",
      "source_url": ""
    },
    {
      "id": "section-9141",
      "number": "9.141",
      "heading": "Bill of Rights Day established.",
      "text": "",
      "history": "",
      "source_url": ""
    },
    {
      "id": "section-9142",
      "number": "9.142",
      "heading": "Constitution Day designated for January 31.",
      "text": "",
      "history": "",
      "source_url": ""
    },
    {
      "id": "section-9144",
      "number": "9.144",
      "heading": "Third week of February, Engineer Awareness Week.",
      "text": "",
      "history": "",
      "source_url": ""
    },
    {
      "id": "section-9145",
      "number": "9.145",
      "heading": "Missouri safe boating week designated for the first full week of May before ...",
      "text": "",
      "history": "",
      "source_url": ""
    },
    {
      "id": "section-9148",
      "number": "9.148",
      "heading": "Infant and maternal mortality awareness month designated for the month of ...",
      "text": "",
      "history": "",
      "source_url": ""
    },
    {
      "id": "section-9149",
      "number": "9.149",
      "heading": "PKS day designated for December 4.",
      "text": "",
      "history": "",
      "source_url": ""
    },
    {
      "id": "section-9151",
      "number": "9.151",
      "heading": "May 7, ROHHAD Awareness Day.",
      "text": "",
      "history": "",
      "source_url": ""
    },
    {
      "id": "section-9152",
      "number": "9.152",
      "heading": "Mental health awareness month designated for the month of May.",
      "text": "",
      "history": "",
      "source_url": ""
    },
    {
      "id": "section-9154",
      "number": "9.154",
      "heading": "Show-Me Compassionate Medical Education Day designated.",
      "text": "",
      "history": "",
      "source_url": ""
    },
    {
      "id": "section-9155",
      "number": "9.155",
      "heading": "Pancreatic cancer awareness month designated for the month of November.",
      "text": "",
      "history": "",
      "source_url": ""
    },
    {
      "id": "section-9156",
      "number": "9.156",
      "heading": "Dress in Blue for Colon Cancer Awareness Day designated for the first ...",
      "text": "",
      "history": "",
      "source_url": ""
    },
    {
      "id": "section-9157",
      "number": "9.157",
      "heading": "July 3, Organ Donor Recognition Day.",
      "text": "",
      "history": "",
      "source_url": ""
    },
    {
      "id": "section-9158",
      "number": "9.158",
      "heading": "Diabetes awareness month designated.",
      "text": "",
      "history": "",
      "source_url": ""
    },
    {
      "id": "section-9159",
      "number": "9.159",
      "heading": "Minority organ donor awareness month designated for the month of August.",
      "text": "",
      "history": "",
      "source_url": ""
    },
    {
      "id": "section-9160",
      "number": "9.160",
      "heading": "Alzheimer's Awareness Day proclaimed, second Tuesday in March.",
      "text": "",
      "history": "",
      "source_url": ""
    },
    {
      "id": "section-9161",
      "number": "9.161",
      "heading": "Emancipation Day established.",
      "text": "",
      "history": "",
      "source_url": ""
    },
    {
      "id": "section-9162",
      "number": "9.162",
      "heading": "December 4, Alpha Phi Alpha Day.",
      "text": "",
      "history": "",
      "source_url": ""
    },
    {
      "id": "section-9163",
      "number": "9.163",
      "heading": "Rosa Parks Day to be proclaimed annually on February 4.",
      "text": "",
      "history": "",
      "source_url": ""
    },
    {
      "id": "section-9164",
      "number": "9.164",
      "heading": "Walk & bike to school month and day designated.",
      "text": "",
      "history": "",
      "source_url": ""
    },
    {
      "id": "section-9165",
      "number": "9.165",
      "heading": "Missouri bicycle month and day designation",
      "text": "",
      "history": "",
      "source_url": ""
    },
    {
      "id": "section-9166",
      "number": "9.166",
      "heading": "Minority mental health awareness month designated for the month of July.",
      "text": "",
      "history": "",
      "source_url": ""
    },
    {
      "id": "section-9167",
      "number": "9.167",
      "heading": "Girl Scout Day to be proclaimed on March 12.",
      "text": "",
      "history": "",
      "source_url": ""
    },
    {
      "id": "section-9169",
      "number": "9.169",
      "heading": "Random Acts of Kindness Day designated for August 31.",
      "text": "",
      "history": "",
      "source_url": ""
    },
    {
      "id": "section-9170",
      "number": "9.170",
      "heading": "Historically Black College and University Week designated for third week of ...",
      "text": "",
      "history": "",
      "source_url": ""
    },
    {
      "id": "section-9171",
      "number": "9.171",
      "heading": "Links, Incorporated Day, November 9.",
      "text": "",
      "history": "",
      "source_url": ""
    },
    {
      "id": "section-9172",
      "number": "9.172",
      "heading": "Teen dating violence awareness month, February designated as.",
      "text": "",
      "history": "",
      "source_url": ""
    },
    {
      "id": "section-9173",
      "number": "9.173",
      "heading": "Child abuse prevention month designated for the month of April.",
      "text": "",
      "history": "",
      "source_url": ""
    },
    {
      "id": "section-9174",
      "number": "9.174",
      "heading": "Motorcycle awareness month designated for the month of May.",
      "text": "",
      "history": "",
      "source_url": ""
    },
    {
      "id": "section-9175",
      "number": "9.175",
      "heading": "Hydrocephalus Awareness Month designated for month of September.",
      "text": "",
      "history": "",
      "source_url": ""
    },
    {
      "id": "section-9176",
      "number": "9.176",
      "heading": "Scoliosis Awareness Month designated for month of June.",
      "text": "",
      "history": "",
      "source_url": ""
    },
    {
      "id": "section-9177",
      "number": "9.177",
      "heading": "Dangers of Inflation Awareness Day designated for April 15.",
      "text": "",
      "history": "",
      "source_url": ""
    },
    {
      "id": "section-9178",
      "number": "9.178",
      "heading": "Epilepsy Awareness Day designated for March 26.",
      "text": "",
      "history": "",
      "source_url": ""
    },
    {
      "id": "section-9179",
      "number": "9.179",
      "heading": "Medical radiation safety awareness day designated for March 27.",
      "text": "",
      "history": "",
      "source_url": ""
    },
    {
      "id": "section-9182",
      "number": "9.182",
      "heading": "Deaf awareness month designated for the month of September.",
      "text": "",
      "history": "",
      "source_url": ""
    },
    {
      "id": "section-9183",
      "number": "9.183",
      "heading": "Epilepsy awareness month designated for the month of November.",
      "text": "",
      "history": "",
      "source_url": ""
    },
    {
      "id": "section-9185",
      "number": "9.185",
      "heading": "Second Monday of April, Missouri Lineworker Appreciation Day.",
      "text": "",
      "history": "",
      "source_url": ""
    },
    {
      "id": "section-9190",
      "number": "9.190",
      "heading": "Respiratory syncytial virus (RSV) awareness week designated for the last ...",
      "text": "",
      "history": "",
      "source_url": ""
    },
    {
      "id": "section-9192",
      "number": "9.192",
      "heading": "Show-Me freedom from opioid addiction decade designated.",
      "text": "",
      "history": "",
      "source_url": ""
    },
    {
      "id": "section-9200",
      "number": "9.200",
      "heading": "Phi Mu Alpha Week designated for first week of October.",
      "text": "",
      "history": "",
      "source_url": ""
    },
    {
      "id": "section-9201",
      "number": "9.201",
      "heading": "Alpha Kappa Alpha Sorority Day designated for January 15.",
      "text": "",
      "history": "",
      "source_url": ""
    },
    {
      "id": "section-9202",
      "number": "9.202",
      "heading": "Ethel Hedgeman Lyle Day designated for February 10.",
      "text": "",
      "history": "",
      "source_url": ""
    },
    {
      "id": "section-9205",
      "number": "9.205",
      "heading": "National Girls and Women in Sports Day designated for first week in February.",
      "text": "",
      "history": "",
      "source_url": ""
    },
    {
      "id": "section-9208",
      "number": "9.208",
      "heading": "Pinhook Remembrance Day designated for May 2.",
      "text": "",
      "history": "",
      "source_url": ""
    },
    {
      "id": "section-9210",
      "number": "9.210",
      "heading": "Black Maternal Health Week designated for April 11-17.",
      "text": "",
      "history": "",
      "source_url": ""
    },
    {
      "id": "section-9211",
      "number": "9.211",
      "heading": "Minority Health Month designated for month of April.",
      "text": "",
      "history": "",
      "source_url": ""
    },
    {
      "id": "section-9220",
      "number": "9.220",
      "heading": "October 16, Walt Disney — 'A Day to Dream' Day.",
      "text": "",
      "history": "",
      "source_url": ""
    },
    {
      "id": "section-9225",
      "number": "9.225",
      "heading": "Mark Twain Day designated for November 30.",
      "text": "",
      "history": "",
      "source_url": ""
    },
    {
      "id": "section-9227",
      "number": "9.227",
      "heading": "Iron Curtain Speech Day designated for March 5.",
      "text": "",
      "history": "",
      "source_url": ""
    },
    {
      "id": "section-9230",
      "number": "9.230",
      "heading": "Twenty-second week of year, 22q Awareness Week.",
      "text": "",
      "history": "",
      "source_url": ""
    },
    {
      "id": "section-9234",
      "number": "9.234",
      "heading": "Ovarian Cancer Awareness Month, month of September.",
      "text": "",
      "history": "",
      "source_url": ""
    },
    {
      "id": "section-9235",
      "number": "9.235",
      "heading": "Celiac Awareness Day designated for second Wednesday in May.",
      "text": "",
      "history": "",
      "source_url": ""
    },
    {
      "id": "section-9236",
      "number": "9.236",
      "heading": "Sickle Cell Awareness Week designated for third full week in September.",
      "text": "",
      "history": "",
      "source_url": ""
    },
    {
      "id": "section-9240",
      "number": "9.240",
      "heading": "Missouri sliced bread day designated for July 7.",
      "text": "",
      "history": "",
      "source_url": ""
    },
    {
      "id": "section-9270",
      "number": "9.270",
      "heading": "Posttraumatic stress awareness day designated.",
      "text": "",
      "history": "",
      "source_url": ""
    },
    {
      "id": "section-9275",
      "number": "9.275",
      "heading": "Myasthenia Gravis Awareness Month designated for month of June.",
      "text": "",
      "history": "",
      "source_url": ""
    },
    {
      "id": "section-9277",
      "number": "9.277",
      "heading": "Buy Missouri Week designated for the week beginning the second Saturday in ...",
      "text": "",
      "history": "",
      "source_url": ""
    },
    {
      "id": "section-9280",
      "number": "9.280",
      "heading": "Mormon War Remembrance Day designated for July 2.",
      "text": "",
      "history": "",
      "source_url": ""
    },
    {
      "id": "section-9285",
      "number": "9.285",
      "heading": "Diffuse intrinsic pontine glioma awareness day designated for September 9.",
      "text": "",
      "history": "",
      "source_url": ""
    },
    {
      "id": "section-9286",
      "number": "9.286",
      "heading": "Eczema awareness month designated for the month of October.",
      "text": "",
      "history": "",
      "source_url": ""
    },
    {
      "id": "section-9288",
      "number": "9.288",
      "heading": "Hypoplastic Left Heart Syndrome Awareness Day designated for April 18.",
      "text": "",
      "history": "",
      "source_url": ""
    },
    {
      "id": "section-9289",
      "number": "9.289",
      "heading": "Tardive Dyskinesia Awareness Week, first full week in May.",
      "text": "",
      "history": "",
      "source_url": ""
    },
    {
      "id": "section-9290",
      "number": "9.290",
      "heading": "Cardiovascular disease and type 2 diabetes awareness month designated for ...",
      "text": "",
      "history": "",
      "source_url": ""
    },
    {
      "id": "section-9291",
      "number": "9.291",
      "heading": "John Jordan 'Buck' O'Neil Day designated for November 30.",
      "text": "",
      "history": "",
      "source_url": ""
    },
    {
      "id": "section-9292",
      "number": "9.292",
      "heading": "Eddie Gaedel Day, August 19.",
      "text": "",
      "history": "",
      "source_url": ""
    },
    {
      "id": "section-9297",
      "number": "9.297",
      "heading": "Military family month designated for month of November.",
      "text": "",
      "history": "",
      "source_url": ""
    },
    {
      "id": "section-9300",
      "number": "9.300",
      "heading": "Buddy Check 22 day designated for the twenty-second day of each month.",
      "text": "",
      "history": "",
      "source_url": ""
    },
    {
      "id": "section-9301",
      "number": "9.301",
      "heading": "Missouri Fox Trotter Week designated for first full week in September.",
      "text": "",
      "history": "",
      "source_url": ""
    },
    {
      "id": "section-9302",
      "number": "9.302",
      "heading": "Honor Guard appreciation day designated for August 19.",
      "text": "",
      "history": "",
      "source_url": ""
    },
    {
      "id": "section-9305",
      "number": "9.305",
      "heading": "Ghost Army recognition day designated for June 6.",
      "text": "",
      "history": "",
      "source_url": ""
    },
    {
      "id": "section-9306",
      "number": "9.306",
      "heading": "Walthall Moore Day designated for May 1.",
      "text": "",
      "history": "",
      "source_url": ""
    },
    {
      "id": "section-9307",
      "number": "9.307",
      "heading": "Farmers and Ranchers Day designated for July 20.",
      "text": "",
      "history": "",
      "source_url": ""
    },
    {
      "id": "section-9308",
      "number": "9.308",
      "heading": "School Counseling Week designated for first full week in February.",
      "text": "",
      "history": "",
      "source_url": ""
    },
    {
      "id": "section-9309",
      "number": "9.309",
      "heading": "Limb Loss Awareness Month designated for month of April.",
      "text": "",
      "history": "",
      "source_url": ""
    },
    {
      "id": "section-9315",
      "number": "9.315",
      "heading": "Pet Breeders Week designated for second full week in March.",
      "text": "",
      "history": "",
      "source_url": ""
    },
    {
      "id": "section-9317",
      "number": "9.317",
      "heading": "Victims of Coronavirus Memorial Week designated for third full week of March.",
      "text": "",
      "history": "",
      "source_url": ""
    },
    {
      "id": "section-9323",
      "number": "9.323",
      "heading": "Pioneering Black Women's Day designated for March 26.",
      "text": "",
      "history": "",
      "source_url": ""
    },
    {
      "id": "section-9339",
      "number": "9.339",
      "heading": "Hazel Erby Day designated for September 22.",
      "text": "",
      "history": "",
      "source_url": ""
    },
    {
      "id": "section-9340",
      "number": "9.340",
      "heading": "Betty L. Thompson Day designated for December 3.",
      "text": "",
      "history": "",
      "source_url": ""
    },
    {
      "id": "section-9343",
      "number": "9.343",
      "heading": "School Bus Drivers' Appreciation Day designated for May 10.",
      "text": "",
      "history": "",
      "source_url": ""
    },
    {
      "id": "section-9344",
      "number": "9.344",
      "heading": "National Good Neighbor Day designated for September 28. — Missouri Good ...",
      "text": "",
      "history": "",
      "source_url": ""
    },
    {
      "id": "section-9345",
      "number": "9.345",
      "heading": "Polycystic Ovary Syndrome (PCOS) Awareness Day designated for month of ...",
      "text": "",
      "history": "",
      "source_url": ""
    },
    {
      "id": "section-9346",
      "number": "9.346",
      "heading": "Uterine Fibroid Awareness Month designated for month of July.",
      "text": "",
      "history": "",
      "source_url": ""
    },
    {
      "id": "section-9347",
      "number": "9.347",
      "heading": "Substance Abuse Awareness and Prevention Month designated for month of October.",
      "text": "",
      "history": "",
      "source_url": ""
    },
    {
      "id": "section-9348",
      "number": "9.348",
      "heading": "Caregiver Appreciation Day designated for September 15.",
      "text": "",
      "history": "",
      "source_url": ""
    },
    {
      "id": "section-9349",
      "number": "9.349",
      "heading": "Hispanic Heritage Month designated for September 15 to October 15.",
      "text": "",
      "history": "",
      "source_url": ""
    },
    {
      "id": "section-9350",
      "number": "9.350",
      "heading": "Biliary Atresia Awareness Day designated for October 1.",
      "text": "",
      "history": "",
      "source_url": ""
    },
    {
      "id": "section-9351",
      "number": "9.351",
      "heading": "Missouri Donate Life Day designated for April 16.",
      "text": "",
      "history": "",
      "source_url": ""
    },
    {
      "id": "section-9352",
      "number": "9.352",
      "heading": "Lupus Awareness Month designated for month of May — Lupus Awareness Day ...",
      "text": "",
      "history": "",
      "source_url": ""
    },
    {
      "id": "section-9353",
      "number": "9.353",
      "heading": "Black History Month designated for month of February.",
      "text": "",
      "history": "",
      "source_url": ""
    },
    {
      "id": "section-9356",
      "number": "9.356",
      "heading": "Native American Heritage Month designated for month of November.",
      "text": "",
      "history": "",
      "source_url": ""
    },
    {
      "id": "section-9357",
      "number": "9.357",
      "heading": "Triple Negative Breast Cancer Awareness month designated for month of March.",
      "text": "",
      "history": "",
      "source_url": ""
    },
    {
      "id": "section-9362",
      "number": "9.362",
      "heading": "Sexual Assault Prevention and Awareness Day designated for June 1.",
      "text": "",
      "history": "",
      "source_url": ""
    },
    {
      "id": "section-9366",
      "number": "9.366",
      "heading": "Problem Gambling Awareness Month designated for month of March.",
      "text": "",
      "history": "",
      "source_url": ""
    },
    {
      "id": "section-9367",
      "number": "9.367",
      "heading": "Chris Sifford Day, August 6.",
      "text": "",
      "history": "",
      "source_url": ""
    },
    {
      "id": "section-9368",
      "number": "9.368",
      "heading": "State legislature remembrance month designated for January.",
      "text": "",
      "history": "",
      "source_url": ""
    },
    {
      "id": "section-9369",
      "number": "9.369",
      "heading": "Women Veterans appreciation day designated for June 12.",
      "text": "",
      "history": "",
      "source_url": ""
    },
    {
      "id": "section-9371",
      "number": "9.371",
      "heading": "Breast cancer awareness day designated for first Saturday of October.",
      "text": "",
      "history": "",
      "source_url": ""
    },
    {
      "id": "section-9372",
      "number": "9.372",
      "heading": "Domestic violence awareness day designated for third Saturday in October.",
      "text": "",
      "history": "",
      "source_url": ""
    },
    {
      "id": "section-9373",
      "number": "9.373",
      "heading": "Albert Pujols day designated for January 16.",
      "text": "",
      "history": "",
      "source_url": ""
    },
    {
      "id": "section-9374",
      "number": "9.374",
      "heading": "Shelley v. Kraemer day designated for May 3.",
      "text": "",
      "history": "",
      "source_url": ""
    },
    {
      "id": "section-9377",
      "number": "9.377",
      "heading": "K.C. Wolf day designated for November 23.",
      "text": "",
      "history": "",
      "source_url": ""
    },
    {
      "id": "section-9378",
      "number": "9.378",
      "heading": "Lloyd Gaines day designated for March 19.",
      "text": "",
      "history": "",
      "source_url": ""
    },
    {
      "id": "section-9379",
      "number": "9.379",
      "heading": "Asian and Pacific Islander Heritage month designated for May.",
      "text": "",
      "history": "",
      "source_url": ""
    },
    {
      "id": "section-9381",
      "number": "9.381",
      "heading": "Premenstrual Dysphoric Disorder (PMDD) awareness day designated for October 2.",
      "text": "",
      "history": "",
      "source_url": ""
    },
    {
      "id": "section-9384",
      "number": "9.384",
      "heading": "Rare kidney disease awareness month designated for month of March.",
      "text": "",
      "history": "",
      "source_url": ""
    },
    {
      "id": "section-9385",
      "number": "9.385",
      "heading": "Michael Collins Day, October 16.",
      "text": "",
      "history": "",
      "source_url": ""
    },
    {
      "id": "section-9386",
      "number": "9.386",
      "heading": "Emmett Kelly Day, last Saturday of April.",
      "text": "",
      "history": "",
      "source_url": ""
    },
    {
      "id": "section-9387",
      "number": "9.387",
      "heading": "Baker service appreciation day designated for April 16.",
      "text": "",
      "history": "",
      "source_url": ""
    },
    {
      "id": "section-9388",
      "number": "9.388",
      "heading": "Celia Day, second Tuesday of April.",
      "text": "",
      "history": "",
      "source_url": ""
    },
    {
      "id": "section-9389",
      "number": "9.389",
      "heading": "Human Trafficking Awareness Week, week in which the second Tuesday of April ...",
      "text": "",
      "history": "",
      "source_url": ""
    },
    {
      "id": "section-9401",
      "number": "9.401",
      "heading": "Believe in Gianna Day, November 13.",
      "text": "",
      "history": "",
      "source_url": ""
    },
    {
      "id": "section-9402",
      "number": "9.402",
      "heading": "Amyloidosis Awareness Day, May 8.",
      "text": "",
      "history": "",
      "source_url": ""
    },
    {
      "id": "section-9409",
      "number": "9.409",
      "heading": "Kappa Alpha Psi Day, January 5.",
      "text": "",
      "history": "",
      "source_url": ""
    },
    {
      "id": "section-9416",
      "number": "9.416",
      "heading": "End Neighborhood Gun Violence Day, June 17.",
      "text": "",
      "history": "",
      "source_url": ""
    },
    {
      "id": "section-9420",
      "number": "9.420",
      "heading": "Alpha-Gal Syndrome Awareness Month, month of May.",
      "text": "",
      "history": "",
      "source_url": ""
    }
  ]
}