{
  "state": "tennessee",
  "path": "title-title-15-holidays-15-1-101-15-2-149/chapter-chapter-2-days-of-special-observance-15-2-101-15-2-149",
  "sections": [
    {
      "id": "section-15-2-101",
      "number": "15-2-101",
      "heading": "Additional special observance daysSection 15-2-102 - Mothers' DaySection 15-2-103 - Statehood DaySection 15-2-104 - Family DaySection 15-2-105 - Franklin D",
      "text": "Each year the following days are days of special observance: January 19, \"Robert E. Lee Day\"; February 12, \"Abraham Lincoln Day\"; March 15, \"Andrew Jackson Day\"; June 3, \"Memorial Day\" or \"Confederate Decoration Day\"; July 13, \"Nathan Bedford Forrest Day\"; and November 11, \"Veterans' Day.\" The people of this state are invited to observe the days in schools, churches, and other suitable places with appropriate ceremonies expressive of the public sentiment befitting the anniversary of such dates.Amended by 2020 Tenn. Acts, ch. 707, s 1, eff. 6/22/2020.Acts 1931, ch. 2, § 1; C. Supp. 1950, § 7520.1; Acts 1953, ch. 91, § 1; impl. am. Act of Congress, 6/1/1954, ch. 250; Acts 1969, ch. 166, § 3; 1973, ch. 23, § 2; T.C.A. (orig. ed.), § 55-204.\n\nEach year the following days are days of special observance: January 19, \"Robert E. Lee Day\"; February 12, \"Abraham Lincoln Day\"; March 15, \"Andrew Jackson Day\"; June 3, \"Memorial Day\" or \"Confederate Decoration Day\"; July 13, \"Nathan Bedford Forrest Day\"; and November 11, \"Veterans' Day.\" The people of this state are invited to observe the days in schools, churches, and other suitable places with appropriate ceremonies expressive of the public sentiment befitting the anniversary of such dates.Amended by 2020 Tenn. Acts, ch. 707, s 1, eff. 6/22/2020.Acts 1931, ch. 2, § 1; C. Supp. 1950, § 7520.1; Acts 1953, ch. 91, § 1; impl. am. Act of Congress, 6/1/1954, ch. 250; Acts 1969, ch. 166, § 3; 1973, ch. 23, § 2; T.C.A. (orig. ed.), § 55-204.\n\nEach year the following days are days of special observance: January 19, \"Robert E. Lee Day\"; February 12, \"Abraham Lincoln Day\"; March 15, \"Andrew Jackson Day\"; June 3, \"Memorial Day\" or \"Confederate Decoration Day\"; July 13, \"Nathan Bedford Forrest Day\"; and November 11, \"Veterans' Day.\" The people of this state are invited to observe the days in schools, churches, and other suitable places with appropriate ceremonies expressive of the public sentiment befitting the anniversary of such dates.Amended by 2020 Tenn. Acts, ch. 707, s 1, eff. 6/22/2020.Acts 1931, ch. 2, § 1; C. Supp. 1950, § 7520.1; Acts 1953, ch. 91, § 1; impl. am. Act of Congress, 6/1/1954, ch. 250; Acts 1969, ch. 166, § 3; 1973, ch. 23, § 2; T.C.A. (orig. ed.), § 55-204.\n\nEach year the following days are days of special observance: January 19, \"Robert E. Lee Day\"; February 12, \"Abraham Lincoln Day\"; March 15, \"Andrew Jackson Day\"; June 3, \"Memorial Day\" or \"Confederate Decoration Day\"; July 13, \"Nathan Bedford Forrest Day\"; and November 11, \"Veterans' Day.\" The people of this state are invited to observe the days in schools, churches, and other suitable places with appropriate ceremonies expressive of the public sentiment befitting the anniversary of such dates.\n\nAmended by 2020 Tenn. Acts, ch. 707, s 1, eff. 6/22/2020.\n\nActs 1931, ch. 2, § 1; C. Supp. 1950, § 7520.1; Acts 1953, ch. 91, § 1; impl. am. Act of Congress, 6/1/1954, ch. 250; Acts 1969, ch. 166, § 3; 1973, ch. 23, § 2; T.C.A. (orig. ed.), § 55-204.",
      "history": "",
      "source_url": "https://law.justia.com/codes/tennessee/title-15/chapter-2/section-15-2-101/"
    },
    {
      "id": "section-15-2-102",
      "number": "15-2-102",
      "heading": "Mothers' Day",
      "text": "The second Sunday of May of each year is to be especially observed as \"Mothers' Day.\"Amended by 2020 Tenn. Acts, ch. 707, s 2, eff. 6/22/2020.Acts 1919, ch. 16, § 1; Shan. Supp., § 2708a19; mod. Code 1932, §108; T.C.A. (orig. ed.), § 55-201.\n\nThe second Sunday of May of each year is to be especially observed as \"Mothers' Day.\"Amended by 2020 Tenn. Acts, ch. 707, s 2, eff. 6/22/2020.Acts 1919, ch. 16, § 1; Shan. Supp., § 2708a19; mod. Code 1932, §108; T.C.A. (orig. ed.), § 55-201.\n\nThe second Sunday of May of each year is to be especially observed as \"Mothers' Day.\"Amended by 2020 Tenn. Acts, ch. 707, s 2, eff. 6/22/2020.Acts 1919, ch. 16, § 1; Shan. Supp., § 2708a19; mod. Code 1932, §108; T.C.A. (orig. ed.), § 55-201.\n\nThe second Sunday of May of each year is to be especially observed as \"Mothers' Day.\"\n\nAmended by 2020 Tenn. Acts, ch. 707, s 2, eff. 6/22/2020.\n\nActs 1919, ch. 16, § 1; Shan. Supp., § 2708a19; mod. Code 1932, §108; T.C.A. (orig. ed.), § 55-201.",
      "history": "",
      "source_url": "https://law.justia.com/codes/tennessee/title-15/chapter-2/section-15-2-102/"
    },
    {
      "id": "section-15-2-103",
      "number": "15-2-103",
      "heading": "Statehood Day",
      "text": "June 1 of each year is declared an historical day to commemorate the admission of the state into the Union, such day to be known as \"Statehood Day\"; provided, that this day is not a legal holiday.Acts 1929, ch. 13, § 1; mod. Code 1932, § 109; T.C.A. (orig. ed.), § 55-202.\n\nJune 1 of each year is declared an historical day to commemorate the admission of the state into the Union, such day to be known as \"Statehood Day\"; provided, that this day is not a legal holiday.Acts 1929, ch. 13, § 1; mod. Code 1932, § 109; T.C.A. (orig. ed.), § 55-202.\n\nJune 1 of each year is declared an historical day to commemorate the admission of the state into the Union, such day to be known as \"Statehood Day\"; provided, that this day is not a legal holiday.Acts 1929, ch. 13, § 1; mod. Code 1932, § 109; T.C.A. (orig. ed.), § 55-202.\n\nJune 1 of each year is declared an historical day to commemorate the admission of the state into the Union, such day to be known as \"Statehood Day\"; provided, that this day is not a legal holiday.\n\nActs 1929, ch. 13, § 1; mod. Code 1932, § 109; T.C.A. (orig. ed.), § 55-202.",
      "history": "",
      "source_url": "https://law.justia.com/codes/tennessee/title-15/chapter-2/section-15-2-103/"
    },
    {
      "id": "section-15-2-104",
      "number": "15-2-104",
      "heading": "Family Day",
      "text": "The last Sunday in August of each year is to be especially observed as \"Family Day,\" to bring attention and honor to the importance of the family as the basis of our state and nation.Amended by 2020 Tenn. Acts, ch. 707, s 4, eff. 6/22/2020.Acts 1990, ch. 665, § 1.\n\nThe last Sunday in August of each year is to be especially observed as \"Family Day,\" to bring attention and honor to the importance of the family as the basis of our state and nation.Amended by 2020 Tenn. Acts, ch. 707, s 4, eff. 6/22/2020.Acts 1990, ch. 665, § 1.\n\nThe last Sunday in August of each year is to be especially observed as \"Family Day,\" to bring attention and honor to the importance of the family as the basis of our state and nation.Amended by 2020 Tenn. Acts, ch. 707, s 4, eff. 6/22/2020.Acts 1990, ch. 665, § 1.\n\nThe last Sunday in August of each year is to be especially observed as \"Family Day,\" to bring attention and honor to the importance of the family as the basis of our state and nation.\n\nAmended by 2020 Tenn. Acts, ch. 707, s 4, eff. 6/22/2020.\n\nActs 1990, ch. 665, § 1.",
      "history": "",
      "source_url": "https://law.justia.com/codes/tennessee/title-15/chapter-2/section-15-2-104/"
    },
    {
      "id": "section-15-2-105",
      "number": "15-2-105",
      "heading": "Franklin D. Roosevelt Day",
      "text": "January 30 of each year is to be observed as \"Franklin D. Roosevelt Day,\" to honor and recognize President Roosevelt as the father of the civilian conservation corps. Such day shall not be a legal holiday as defined in §15-1-101.Amended by 2020 Tenn. Acts, ch. 707, s 4, eff. 6/22/2020.Acts 1992, ch. 1001, § 1.\n\nJanuary 30 of each year is to be observed as \"Franklin D. Roosevelt Day,\" to honor and recognize President Roosevelt as the father of the civilian conservation corps. Such day shall not be a legal holiday as defined in §15-1-101.Amended by 2020 Tenn. Acts, ch. 707, s 4, eff. 6/22/2020.Acts 1992, ch. 1001, § 1.\n\nJanuary 30 of each year is to be observed as \"Franklin D. Roosevelt Day,\" to honor and recognize President Roosevelt as the father of the civilian conservation corps. Such day shall not be a legal holiday as defined in §15-1-101.Amended by 2020 Tenn. Acts, ch. 707, s 4, eff. 6/22/2020.Acts 1992, ch. 1001, § 1.\n\nJanuary 30 of each year is to be observed as \"Franklin D. Roosevelt Day,\" to honor and recognize President Roosevelt as the father of the civilian conservation corps. Such day shall not be a legal holiday as defined in §15-1-101.\n\nAmended by 2020 Tenn. Acts, ch. 707, s 4, eff. 6/22/2020.\n\nActs 1992, ch. 1001, § 1.",
      "history": "",
      "source_url": "https://law.justia.com/codes/tennessee/title-15/chapter-2/section-15-2-105/"
    },
    {
      "id": "section-15-2-106",
      "number": "15-2-106",
      "heading": "American Indian Day",
      "text": "(a)The fourth Monday in September of each year is to be especially observed in Tennessee as \"American Indian Day,\" and that on this day schools, clubs, and civic and religious organizations are encouraged to recognize the contributions of American Indians with suitable ceremony and fellowship designed to promote greater understanding and brotherhood between American Indians and the non-Indian people of this state.(b)The people of this state are invited and urged to observe American Indian Day with suitable ceremony and fellowship.(c)The department of education shall provide, within the limits of funds available for such purpose, information available to all people of this state regarding American Indian Day.Amended by 2020 Tenn. Acts, ch. 707, s 3, eff. 6/22/2020.Acts 1994, ch. 606, § 1.\n\n(a)The fourth Monday in September of each year is to be especially observed in Tennessee as \"American Indian Day,\" and that on this day schools, clubs, and civic and religious organizations are encouraged to recognize the contributions of American Indians with suitable ceremony and fellowship designed to promote greater understanding and brotherhood between American Indians and the non-Indian people of this state.(b)The people of this state are invited and urged to observe American Indian Day with suitable ceremony and fellowship.(c)The department of education shall provide, within the limits of funds available for such purpose, information available to all people of this state regarding American Indian Day.Amended by 2020 Tenn. Acts, ch. 707, s 3, eff. 6/22/2020.Acts 1994, ch. 606, § 1.\n\n(a)The fourth Monday in September of each year is to be especially observed in Tennessee as \"American Indian Day,\" and that on this day schools, clubs, and civic and religious organizations are encouraged to recognize the contributions of American Indians with suitable ceremony and fellowship designed to promote greater understanding and brotherhood between American Indians and the non-Indian people of this state.(b)The people of this state are invited and urged to observe American Indian Day with suitable ceremony and fellowship.(c)The department of education shall provide, within the limits of funds available for such purpose, information available to all people of this state regarding American Indian Day.Amended by 2020 Tenn. Acts, ch. 707, s 3, eff. 6/22/2020.Acts 1994, ch. 606, § 1.\n\nAmended by 2020 Tenn. Acts, ch. 707, s 3, eff. 6/22/2020.\n\nActs 1994, ch. 606, § 1.",
      "history": "",
      "source_url": "https://law.justia.com/codes/tennessee/title-15/chapter-2/section-15-2-106/"
    },
    {
      "id": "section-15-2-107",
      "number": "15-2-107",
      "heading": "Tennessee P.O.W.-M.I.A. Recognition Week",
      "text": "The week beginning the third Friday of September and extending through the following Thursday of each year shall be designated as \"Tennessee P.O.W.-M.I.A. Recognition Week\" in recognition of the sacrifices of the citizens who were captured by the enemy or are missing in action.Acts 1994, ch. 713, § 2; 2000, ch. 673, § 1.\n\nThe week beginning the third Friday of September and extending through the following Thursday of each year shall be designated as \"Tennessee P.O.W.-M.I.A. Recognition Week\" in recognition of the sacrifices of the citizens who were captured by the enemy or are missing in action.Acts 1994, ch. 713, § 2; 2000, ch. 673, § 1.\n\nThe week beginning the third Friday of September and extending through the following Thursday of each year shall be designated as \"Tennessee P.O.W.-M.I.A. Recognition Week\" in recognition of the sacrifices of the citizens who were captured by the enemy or are missing in action.Acts 1994, ch. 713, § 2; 2000, ch. 673, § 1.\n\nThe week beginning the third Friday of September and extending through the following Thursday of each year shall be designated as \"Tennessee P.O.W.-M.I.A. Recognition Week\" in recognition of the sacrifices of the citizens who were captured by the enemy or are missing in action.\n\nActs 1994, ch. 713, § 2; 2000, ch. 673, § 1.",
      "history": "",
      "source_url": "https://law.justia.com/codes/tennessee/title-15/chapter-2/section-15-2-107/"
    },
    {
      "id": "section-15-2-108",
      "number": "15-2-108",
      "heading": "Scottish, Scots-Irish Heritage Day",
      "text": "June 24 of each year is to be observed as \"Scottish, Scots-Irish Heritage Day,\" to honor and recognize the contributions people of Scottish and Scots-Irish heritage made to the founding and development of Tennessee. Such day shall not be a legal holiday as defined in §15-1-101.Amended by 2020 Tenn. Acts, ch. 707, s 4, eff. 6/22/2020.Acts 1995, ch. 233, § 1.\n\nJune 24 of each year is to be observed as \"Scottish, Scots-Irish Heritage Day,\" to honor and recognize the contributions people of Scottish and Scots-Irish heritage made to the founding and development of Tennessee. Such day shall not be a legal holiday as defined in §15-1-101.Amended by 2020 Tenn. Acts, ch. 707, s 4, eff. 6/22/2020.Acts 1995, ch. 233, § 1.\n\nJune 24 of each year is to be observed as \"Scottish, Scots-Irish Heritage Day,\" to honor and recognize the contributions people of Scottish and Scots-Irish heritage made to the founding and development of Tennessee. Such day shall not be a legal holiday as defined in §15-1-101.Amended by 2020 Tenn. Acts, ch. 707, s 4, eff. 6/22/2020.Acts 1995, ch. 233, § 1.\n\nJune 24 of each year is to be observed as \"Scottish, Scots-Irish Heritage Day,\" to honor and recognize the contributions people of Scottish and Scots-Irish heritage made to the founding and development of Tennessee. Such day shall not be a legal holiday as defined in §15-1-101.\n\nAmended by 2020 Tenn. Acts, ch. 707, s 4, eff. 6/22/2020.\n\nActs 1995, ch. 233, § 1.",
      "history": "",
      "source_url": "https://law.justia.com/codes/tennessee/title-15/chapter-2/section-15-2-108/"
    },
    {
      "id": "section-15-2-109",
      "number": "15-2-109",
      "heading": "Workers' Memorial Day",
      "text": "April 28 of each year is to be observed as \"Workers' Memorial Day,\" to honor and recognize workers killed and injured on the job. This day shall not be a legal holiday as defined in §15-1-101.Amended by 2020 Tenn. Acts, ch. 707, s 4, eff. 6/22/2020.Acts 2000, ch. 689, § 1.\n\nApril 28 of each year is to be observed as \"Workers' Memorial Day,\" to honor and recognize workers killed and injured on the job. This day shall not be a legal holiday as defined in §15-1-101.Amended by 2020 Tenn. Acts, ch. 707, s 4, eff. 6/22/2020.Acts 2000, ch. 689, § 1.\n\nApril 28 of each year is to be observed as \"Workers' Memorial Day,\" to honor and recognize workers killed and injured on the job. This day shall not be a legal holiday as defined in §15-1-101.Amended by 2020 Tenn. Acts, ch. 707, s 4, eff. 6/22/2020.Acts 2000, ch. 689, § 1.\n\nApril 28 of each year is to be observed as \"Workers' Memorial Day,\" to honor and recognize workers killed and injured on the job. This day shall not be a legal holiday as defined in §15-1-101.\n\nAmended by 2020 Tenn. Acts, ch. 707, s 4, eff. 6/22/2020.\n\nActs 2000, ch. 689, § 1.",
      "history": "",
      "source_url": "https://law.justia.com/codes/tennessee/title-15/chapter-2/section-15-2-109/"
    },
    {
      "id": "section-15-2-110",
      "number": "15-2-110",
      "heading": "John Sevier Day",
      "text": "June 23 of each year shall be observed as \"John Sevier Day,\" to honor and recognize John Sevier for his important role in Tennessee attaining statehood and his meritorious service as the state's first governor. This day shall not be a legal holiday as defined in §15-1-101.Amended by 2020 Tenn. Acts, ch. 707, s 4, eff. 6/22/2020.Acts 2001, ch. 49, § 1.\n\nJune 23 of each year shall be observed as \"John Sevier Day,\" to honor and recognize John Sevier for his important role in Tennessee attaining statehood and his meritorious service as the state's first governor. This day shall not be a legal holiday as defined in §15-1-101.Amended by 2020 Tenn. Acts, ch. 707, s 4, eff. 6/22/2020.Acts 2001, ch. 49, § 1.\n\nJune 23 of each year shall be observed as \"John Sevier Day,\" to honor and recognize John Sevier for his important role in Tennessee attaining statehood and his meritorious service as the state's first governor. This day shall not be a legal holiday as defined in §15-1-101.Amended by 2020 Tenn. Acts, ch. 707, s 4, eff. 6/22/2020.Acts 2001, ch. 49, § 1.\n\nJune 23 of each year shall be observed as \"John Sevier Day,\" to honor and recognize John Sevier for his important role in Tennessee attaining statehood and his meritorious service as the state's first governor. This day shall not be a legal holiday as defined in §15-1-101.\n\nAmended by 2020 Tenn. Acts, ch. 707, s 4, eff. 6/22/2020.\n\nActs 2001, ch. 49, § 1.",
      "history": "",
      "source_url": "https://law.justia.com/codes/tennessee/title-15/chapter-2/section-15-2-110/"
    },
    {
      "id": "section-15-2-111",
      "number": "15-2-111",
      "heading": "Harriet Tubman Day",
      "text": "March 10 of each year shall be observed as \"Harriet Tubman Day,\" to honor and recognize Harriet Tubman for her important role in the history of Tennessee and the United States as an abolitionist and champion of equal rights for all people. This day shall not be a legal holiday as defined in §15-1-101.Amended by 2020 Tenn. Acts, ch. 707, s 4, eff. 6/22/2020.Acts 2007 , ch. 2, § 1.\n\nMarch 10 of each year shall be observed as \"Harriet Tubman Day,\" to honor and recognize Harriet Tubman for her important role in the history of Tennessee and the United States as an abolitionist and champion of equal rights for all people. This day shall not be a legal holiday as defined in §15-1-101.Amended by 2020 Tenn. Acts, ch. 707, s 4, eff. 6/22/2020.Acts 2007 , ch. 2, § 1.\n\nMarch 10 of each year shall be observed as \"Harriet Tubman Day,\" to honor and recognize Harriet Tubman for her important role in the history of Tennessee and the United States as an abolitionist and champion of equal rights for all people. This day shall not be a legal holiday as defined in §15-1-101.Amended by 2020 Tenn. Acts, ch. 707, s 4, eff. 6/22/2020.Acts 2007 , ch. 2, § 1.\n\nMarch 10 of each year shall be observed as \"Harriet Tubman Day,\" to honor and recognize Harriet Tubman for her important role in the history of Tennessee and the United States as an abolitionist and champion of equal rights for all people. This day shall not be a legal holiday as defined in §15-1-101.\n\nAmended by 2020 Tenn. Acts, ch. 707, s 4, eff. 6/22/2020.\n\nActs 2007 , ch. 2, § 1.",
      "history": "",
      "source_url": "https://law.justia.com/codes/tennessee/title-15/chapter-2/section-15-2-111/"
    },
    {
      "id": "section-15-2-112",
      "number": "15-2-112",
      "heading": "Bluegrass Day",
      "text": "The fourth Saturday in May of each year shall be observed as \"Bluegrass Day,\" to honor and recognize bluegrass music, its great beauty and artistry, and its prominent place in Tennessee's proud heritage and present day economy. This day shall not be a legal holiday as defined in §15-1-101.Amended by 2020 Tenn. Acts, ch. 707, s 5, eff. 6/22/2020.Acts 2007 , ch. 12, § 1.\n\nThe fourth Saturday in May of each year shall be observed as \"Bluegrass Day,\" to honor and recognize bluegrass music, its great beauty and artistry, and its prominent place in Tennessee's proud heritage and present day economy. This day shall not be a legal holiday as defined in §15-1-101.Amended by 2020 Tenn. Acts, ch. 707, s 5, eff. 6/22/2020.Acts 2007 , ch. 12, § 1.\n\nThe fourth Saturday in May of each year shall be observed as \"Bluegrass Day,\" to honor and recognize bluegrass music, its great beauty and artistry, and its prominent place in Tennessee's proud heritage and present day economy. This day shall not be a legal holiday as defined in §15-1-101.Amended by 2020 Tenn. Acts, ch. 707, s 5, eff. 6/22/2020.Acts 2007 , ch. 12, § 1.\n\nThe fourth Saturday in May of each year shall be observed as \"Bluegrass Day,\" to honor and recognize bluegrass music, its great beauty and artistry, and its prominent place in Tennessee's proud heritage and present day economy. This day shall not be a legal holiday as defined in §15-1-101.\n\nAmended by 2020 Tenn. Acts, ch. 707, s 5, eff. 6/22/2020.\n\nActs 2007 , ch. 12, § 1.",
      "history": "",
      "source_url": "https://law.justia.com/codes/tennessee/title-15/chapter-2/section-15-2-112/"
    },
    {
      "id": "section-15-2-113",
      "number": "15-2-113",
      "heading": "Emancipation Day",
      "text": "August 8 of each year shall be observed as \"Emancipation Day,\" to honor and recognize the celebration of the action of Andrew Johnson in freeing Andrew Johnson's personal slaves on August 8, 1863, and the significance of emancipation in the history of Tennessee. This day shall not be a legal holiday as defined in §15-1-101.Amended by 2020 Tenn. Acts, ch. 707, s 5, eff. 6/22/2020.Acts 2007 , ch. 15, § 1.\n\nAugust 8 of each year shall be observed as \"Emancipation Day,\" to honor and recognize the celebration of the action of Andrew Johnson in freeing Andrew Johnson's personal slaves on August 8, 1863, and the significance of emancipation in the history of Tennessee. This day shall not be a legal holiday as defined in §15-1-101.Amended by 2020 Tenn. Acts, ch. 707, s 5, eff. 6/22/2020.Acts 2007 , ch. 15, § 1.\n\nAugust 8 of each year shall be observed as \"Emancipation Day,\" to honor and recognize the celebration of the action of Andrew Johnson in freeing Andrew Johnson's personal slaves on August 8, 1863, and the significance of emancipation in the history of Tennessee. This day shall not be a legal holiday as defined in §15-1-101.Amended by 2020 Tenn. Acts, ch. 707, s 5, eff. 6/22/2020.Acts 2007 , ch. 15, § 1.\n\nAugust 8 of each year shall be observed as \"Emancipation Day,\" to honor and recognize the celebration of the action of Andrew Johnson in freeing Andrew Johnson's personal slaves on August 8, 1863, and the significance of emancipation in the history of Tennessee. This day shall not be a legal holiday as defined in §15-1-101.\n\nAmended by 2020 Tenn. Acts, ch. 707, s 5, eff. 6/22/2020.\n\nActs 2007 , ch. 15, § 1.",
      "history": "",
      "source_url": "https://law.justia.com/codes/tennessee/title-15/chapter-2/section-15-2-113/"
    },
    {
      "id": "section-15-2-114",
      "number": "15-2-114",
      "heading": "Patriots' Day",
      "text": "April 19 of each year shall be observed as \"Patriots' Day,\" to honor and recognize the opening events of the War of the Revolution and the struggle through which the nation passed in its early days. This day shall not be a legal holiday as defined in §15-1-101.Amended by 2020 Tenn. Acts, ch. 707, s 5, eff. 6/22/2020.Acts 2008 , ch. 609, § 1.\n\nApril 19 of each year shall be observed as \"Patriots' Day,\" to honor and recognize the opening events of the War of the Revolution and the struggle through which the nation passed in its early days. This day shall not be a legal holiday as defined in §15-1-101.Amended by 2020 Tenn. Acts, ch. 707, s 5, eff. 6/22/2020.Acts 2008 , ch. 609, § 1.\n\nApril 19 of each year shall be observed as \"Patriots' Day,\" to honor and recognize the opening events of the War of the Revolution and the struggle through which the nation passed in its early days. This day shall not be a legal holiday as defined in §15-1-101.Amended by 2020 Tenn. Acts, ch. 707, s 5, eff. 6/22/2020.Acts 2008 , ch. 609, § 1.\n\nApril 19 of each year shall be observed as \"Patriots' Day,\" to honor and recognize the opening events of the War of the Revolution and the struggle through which the nation passed in its early days. This day shall not be a legal holiday as defined in §15-1-101.\n\nAmended by 2020 Tenn. Acts, ch. 707, s 5, eff. 6/22/2020.\n\nActs 2008 , ch. 609, § 1.",
      "history": "",
      "source_url": "https://law.justia.com/codes/tennessee/title-15/chapter-2/section-15-2-114/"
    },
    {
      "id": "section-15-2-115",
      "number": "15-2-115",
      "heading": "Wilma Rudolph Day",
      "text": "June 23 of each year shall be observed as \"Wilma Rudolph Day,\" to honor and recognize the late Wilma Rudolph for her inspirational example in overcoming childhood disability to excel as an athlete, her numerous athletic accomplishments, including winning three gold medals at the 1960 Olympics, her courage in combating segregation, and her humanitarian work as a United States goodwill ambassador. This day shall not be a legal holiday as defined in §15-1-101.Amended by 2020 Tenn. Acts, ch. 707, s 5, eff. 6/22/2020.Acts 2008 , ch. 610, § 1.\n\nJune 23 of each year shall be observed as \"Wilma Rudolph Day,\" to honor and recognize the late Wilma Rudolph for her inspirational example in overcoming childhood disability to excel as an athlete, her numerous athletic accomplishments, including winning three gold medals at the 1960 Olympics, her courage in combating segregation, and her humanitarian work as a United States goodwill ambassador. This day shall not be a legal holiday as defined in §15-1-101.Amended by 2020 Tenn. Acts, ch. 707, s 5, eff. 6/22/2020.Acts 2008 , ch. 610, § 1.\n\nJune 23 of each year shall be observed as \"Wilma Rudolph Day,\" to honor and recognize the late Wilma Rudolph for her inspirational example in overcoming childhood disability to excel as an athlete, her numerous athletic accomplishments, including winning three gold medals at the 1960 Olympics, her courage in combating segregation, and her humanitarian work as a United States goodwill ambassador. This day shall not be a legal holiday as defined in §15-1-101.Amended by 2020 Tenn. Acts, ch. 707, s 5, eff. 6/22/2020.Acts 2008 , ch. 610, § 1.\n\nJune 23 of each year shall be observed as \"Wilma Rudolph Day,\" to honor and recognize the late Wilma Rudolph for her inspirational example in overcoming childhood disability to excel as an athlete, her numerous athletic accomplishments, including winning three gold medals at the 1960 Olympics, her courage in combating segregation, and her humanitarian work as a United States goodwill ambassador. This day shall not be a legal holiday as defined in §15-1-101.\n\nAmended by 2020 Tenn. Acts, ch. 707, s 5, eff. 6/22/2020.\n\nActs 2008 , ch. 610, § 1.",
      "history": "",
      "source_url": "https://law.justia.com/codes/tennessee/title-15/chapter-2/section-15-2-115/"
    },
    {
      "id": "section-15-2-116",
      "number": "15-2-116",
      "heading": "Vietnam Veterans Day",
      "text": "March 29 of each year shall be observed as \"Vietnam Veterans Day,\" to honor and recognize the veterans who served during the Vietnam War. State agencies, interested organizations and groups and individuals are encouraged to fly the United States flag accompanied by the MIA/POW flag on this day. This day shall not be a legal holiday as defined in §15-1-101.Amended by 2020 Tenn. Acts, ch. 707, s 5, eff. 6/22/2020.Acts 2008 , ch. 613, § 1.\n\nMarch 29 of each year shall be observed as \"Vietnam Veterans Day,\" to honor and recognize the veterans who served during the Vietnam War. State agencies, interested organizations and groups and individuals are encouraged to fly the United States flag accompanied by the MIA/POW flag on this day. This day shall not be a legal holiday as defined in §15-1-101.Amended by 2020 Tenn. Acts, ch. 707, s 5, eff. 6/22/2020.Acts 2008 , ch. 613, § 1.\n\nMarch 29 of each year shall be observed as \"Vietnam Veterans Day,\" to honor and recognize the veterans who served during the Vietnam War. State agencies, interested organizations and groups and individuals are encouraged to fly the United States flag accompanied by the MIA/POW flag on this day. This day shall not be a legal holiday as defined in §15-1-101.Amended by 2020 Tenn. Acts, ch. 707, s 5, eff. 6/22/2020.Acts 2008 , ch. 613, § 1.\n\nMarch 29 of each year shall be observed as \"Vietnam Veterans Day,\" to honor and recognize the veterans who served during the Vietnam War. State agencies, interested organizations and groups and individuals are encouraged to fly the United States flag accompanied by the MIA/POW flag on this day. This day shall not be a legal holiday as defined in §15-1-101.\n\nAmended by 2020 Tenn. Acts, ch. 707, s 5, eff. 6/22/2020.\n\nActs 2008 , ch. 613, § 1.",
      "history": "",
      "source_url": "https://law.justia.com/codes/tennessee/title-15/chapter-2/section-15-2-116/"
    },
    {
      "id": "section-15-2-117",
      "number": "15-2-117",
      "heading": "Towing and Recovery Week",
      "text": "The week that includes the third Saturday in September shall be observed as \"Towing and Recovery Week\" in this state, to honor the thousands of operators, manufacturers, suppliers, and other dedicated men and women who serve our state's motoring public with courtesy and courage while promoting safety on our roads and highways. This week shall not be a legal holiday as defined in §15-1-101.Amended by 2020 Tenn. Acts, ch. 707, s 5, eff. 6/22/2020.Acts 2008 , ch. 679, § 1.\n\nThe week that includes the third Saturday in September shall be observed as \"Towing and Recovery Week\" in this state, to honor the thousands of operators, manufacturers, suppliers, and other dedicated men and women who serve our state's motoring public with courtesy and courage while promoting safety on our roads and highways. This week shall not be a legal holiday as defined in §15-1-101.Amended by 2020 Tenn. Acts, ch. 707, s 5, eff. 6/22/2020.Acts 2008 , ch. 679, § 1.\n\nThe week that includes the third Saturday in September shall be observed as \"Towing and Recovery Week\" in this state, to honor the thousands of operators, manufacturers, suppliers, and other dedicated men and women who serve our state's motoring public with courtesy and courage while promoting safety on our roads and highways. This week shall not be a legal holiday as defined in §15-1-101.Amended by 2020 Tenn. Acts, ch. 707, s 5, eff. 6/22/2020.Acts 2008 , ch. 679, § 1.\n\nThe week that includes the third Saturday in September shall be observed as \"Towing and Recovery Week\" in this state, to honor the thousands of operators, manufacturers, suppliers, and other dedicated men and women who serve our state's motoring public with courtesy and courage while promoting safety on our roads and highways. This week shall not be a legal holiday as defined in §15-1-101.\n\nAmended by 2020 Tenn. Acts, ch. 707, s 5, eff. 6/22/2020.\n\nActs 2008 , ch. 679, § 1.",
      "history": "",
      "source_url": "https://law.justia.com/codes/tennessee/title-15/chapter-2/section-15-2-117/"
    },
    {
      "id": "section-15-2-118",
      "number": "15-2-118",
      "heading": "Tennessee and United States Constitutions Day",
      "text": "September 17 of each year shall be observed as \"Tennessee and United States Constitutions Day,\" to honor and commemorate the creation and signing of the supreme laws of our state and land on June 1, 1796, and September 17, 1787. This day shall not be a legal holiday as defined in §15-1-101.Amended by 2020 Tenn. Acts, ch. 707, s 5, eff. 6/22/2020.Acts 2008 , ch. 702, § 1.\n\nSeptember 17 of each year shall be observed as \"Tennessee and United States Constitutions Day,\" to honor and commemorate the creation and signing of the supreme laws of our state and land on June 1, 1796, and September 17, 1787. This day shall not be a legal holiday as defined in §15-1-101.Amended by 2020 Tenn. Acts, ch. 707, s 5, eff. 6/22/2020.Acts 2008 , ch. 702, § 1.\n\nSeptember 17 of each year shall be observed as \"Tennessee and United States Constitutions Day,\" to honor and commemorate the creation and signing of the supreme laws of our state and land on June 1, 1796, and September 17, 1787. This day shall not be a legal holiday as defined in §15-1-101.Amended by 2020 Tenn. Acts, ch. 707, s 5, eff. 6/22/2020.Acts 2008 , ch. 702, § 1.\n\nSeptember 17 of each year shall be observed as \"Tennessee and United States Constitutions Day,\" to honor and commemorate the creation and signing of the supreme laws of our state and land on June 1, 1796, and September 17, 1787. This day shall not be a legal holiday as defined in §15-1-101.\n\nAmended by 2020 Tenn. Acts, ch. 707, s 5, eff. 6/22/2020.\n\nActs 2008 , ch. 702, § 1.",
      "history": "",
      "source_url": "https://law.justia.com/codes/tennessee/title-15/chapter-2/section-15-2-118/"
    },
    {
      "id": "section-15-2-119",
      "number": "15-2-119",
      "heading": "Firefighters' Memorial Day",
      "text": "October 9 of each year shall be observed as \"Firefighters' Memorial Day,\" to honor and recognize firefighters in this state for their courageous and dedicated service. This day shall not be a legal holiday as defined in §15-1-101.Amended by 2020 Tenn. Acts, ch. 707, s 5, eff. 6/22/2020.Acts 2008 , ch. 845, § 1.\n\nOctober 9 of each year shall be observed as \"Firefighters' Memorial Day,\" to honor and recognize firefighters in this state for their courageous and dedicated service. This day shall not be a legal holiday as defined in §15-1-101.Amended by 2020 Tenn. Acts, ch. 707, s 5, eff. 6/22/2020.Acts 2008 , ch. 845, § 1.\n\nOctober 9 of each year shall be observed as \"Firefighters' Memorial Day,\" to honor and recognize firefighters in this state for their courageous and dedicated service. This day shall not be a legal holiday as defined in §15-1-101.Amended by 2020 Tenn. Acts, ch. 707, s 5, eff. 6/22/2020.Acts 2008 , ch. 845, § 1.\n\nOctober 9 of each year shall be observed as \"Firefighters' Memorial Day,\" to honor and recognize firefighters in this state for their courageous and dedicated service. This day shall not be a legal holiday as defined in §15-1-101.\n\nAmended by 2020 Tenn. Acts, ch. 707, s 5, eff. 6/22/2020.\n\nActs 2008 , ch. 845, § 1.",
      "history": "",
      "source_url": "https://law.justia.com/codes/tennessee/title-15/chapter-2/section-15-2-119/"
    },
    {
      "id": "section-15-2-120",
      "number": "15-2-120",
      "heading": "Gold Star Mother's Day",
      "text": "The last Sunday in September of each year shall be observed as \"Gold Star Mother's Day,\" to honor Tennessee's Gold Star Mothers for their courage, resolve and strength in the face of great personal loss. State agencies, interested organizations and groups and individuals are encouraged to fly the United States flag on this day as a public expression of our state's sympathy and respect for our Gold Star Mothers. This day shall not be a legal holiday as defined in §15-1-101.Amended by 2020 Tenn. Acts, ch. 707, s 5, eff. 6/22/2020.Acts 2009 , ch. 93, § 1.\n\nThe last Sunday in September of each year shall be observed as \"Gold Star Mother's Day,\" to honor Tennessee's Gold Star Mothers for their courage, resolve and strength in the face of great personal loss. State agencies, interested organizations and groups and individuals are encouraged to fly the United States flag on this day as a public expression of our state's sympathy and respect for our Gold Star Mothers. This day shall not be a legal holiday as defined in §15-1-101.Amended by 2020 Tenn. Acts, ch. 707, s 5, eff. 6/22/2020.Acts 2009 , ch. 93, § 1.\n\nThe last Sunday in September of each year shall be observed as \"Gold Star Mother's Day,\" to honor Tennessee's Gold Star Mothers for their courage, resolve and strength in the face of great personal loss. State agencies, interested organizations and groups and individuals are encouraged to fly the United States flag on this day as a public expression of our state's sympathy and respect for our Gold Star Mothers. This day shall not be a legal holiday as defined in §15-1-101.Amended by 2020 Tenn. Acts, ch. 707, s 5, eff. 6/22/2020.Acts 2009 , ch. 93, § 1.\n\nThe last Sunday in September of each year shall be observed as \"Gold Star Mother's Day,\" to honor Tennessee's Gold Star Mothers for their courage, resolve and strength in the face of great personal loss. State agencies, interested organizations and groups and individuals are encouraged to fly the United States flag on this day as a public expression of our state's sympathy and respect for our Gold Star Mothers. This day shall not be a legal holiday as defined in §15-1-101.\n\nAmended by 2020 Tenn. Acts, ch. 707, s 5, eff. 6/22/2020.\n\nActs 2009 , ch. 93, § 1.",
      "history": "",
      "source_url": "https://law.justia.com/codes/tennessee/title-15/chapter-2/section-15-2-120/"
    },
    {
      "id": "section-15-2-121",
      "number": "15-2-121",
      "heading": "Volunteer Firefighters Week - Rescue Squad Week",
      "text": "(a)The first full week in March of each year shall be observed as \"Volunteer Firefighters Week,\" to honor and recognize volunteer firefighters in this state for their courageous and dedicated service. This week shall not be a legal holiday as defined in §15-1-101.(b)The third full week in May of each year shall also be observed as \"Rescue Squad Week,\" to honor and recognize rescue squad personnel in this state for their tireless and invaluable service. Such week shall not be a legal holiday as defined in §15-1-101.Amended by 2020 Tenn. Acts, ch. 707, s 5, eff. 6/22/2020.Acts 2011 , ch. 38, § 1; 2012 , ch. 855, § 1.\n\n(a)The first full week in March of each year shall be observed as \"Volunteer Firefighters Week,\" to honor and recognize volunteer firefighters in this state for their courageous and dedicated service. This week shall not be a legal holiday as defined in §15-1-101.(b)The third full week in May of each year shall also be observed as \"Rescue Squad Week,\" to honor and recognize rescue squad personnel in this state for their tireless and invaluable service. Such week shall not be a legal holiday as defined in §15-1-101.Amended by 2020 Tenn. Acts, ch. 707, s 5, eff. 6/22/2020.Acts 2011 , ch. 38, § 1; 2012 , ch. 855, § 1.\n\n(a)The first full week in March of each year shall be observed as \"Volunteer Firefighters Week,\" to honor and recognize volunteer firefighters in this state for their courageous and dedicated service. This week shall not be a legal holiday as defined in §15-1-101.(b)The third full week in May of each year shall also be observed as \"Rescue Squad Week,\" to honor and recognize rescue squad personnel in this state for their tireless and invaluable service. Such week shall not be a legal holiday as defined in §15-1-101.Amended by 2020 Tenn. Acts, ch. 707, s 5, eff. 6/22/2020.Acts 2011 , ch. 38, § 1; 2012 , ch. 855, § 1.\n\nAmended by 2020 Tenn. Acts, ch. 707, s 5, eff. 6/22/2020.\n\nActs 2011 , ch. 38, § 1; 2012 , ch. 855, § 1.",
      "history": "",
      "source_url": "https://law.justia.com/codes/tennessee/title-15/chapter-2/section-15-2-121/"
    },
    {
      "id": "section-15-2-122",
      "number": "15-2-122",
      "heading": "Tennessee National Guard Day",
      "text": "March 3 of each year shall be observed as \"Tennessee National Guard Day,\" to honor and recognize Tennessee national guard personnel for their service and sacrifices in defense of our nation and for responding to domestic missions within the borders of our state. This day shall not be a legal holiday as defined in §15-1-101.Amended by 2020 Tenn. Acts, ch. 707, s 4, eff. 6/22/2020.Acts 2012 , ch. 574, § 1.\n\nMarch 3 of each year shall be observed as \"Tennessee National Guard Day,\" to honor and recognize Tennessee national guard personnel for their service and sacrifices in defense of our nation and for responding to domestic missions within the borders of our state. This day shall not be a legal holiday as defined in §15-1-101.Amended by 2020 Tenn. Acts, ch. 707, s 4, eff. 6/22/2020.Acts 2012 , ch. 574, § 1.\n\nMarch 3 of each year shall be observed as \"Tennessee National Guard Day,\" to honor and recognize Tennessee national guard personnel for their service and sacrifices in defense of our nation and for responding to domestic missions within the borders of our state. This day shall not be a legal holiday as defined in §15-1-101.Amended by 2020 Tenn. Acts, ch. 707, s 4, eff. 6/22/2020.Acts 2012 , ch. 574, § 1.\n\nMarch 3 of each year shall be observed as \"Tennessee National Guard Day,\" to honor and recognize Tennessee national guard personnel for their service and sacrifices in defense of our nation and for responding to domestic missions within the borders of our state. This day shall not be a legal holiday as defined in §15-1-101.\n\nAmended by 2020 Tenn. Acts, ch. 707, s 4, eff. 6/22/2020.\n\nActs 2012 , ch. 574, § 1.",
      "history": "",
      "source_url": "https://law.justia.com/codes/tennessee/title-15/chapter-2/section-15-2-122/"
    },
    {
      "id": "section-15-2-123",
      "number": "15-2-123",
      "heading": "Lymphedema Awareness Week",
      "text": "The third week of June each year shall be observed as \"Lymphedema Awareness Week,\" to encourage all medical facilities in the state to dedicate more time, energy, and funding to the diagnosing and treatment of the disease. This week shall not be a legal holiday as defined in §15-1-101.Amended by 2020 Tenn. Acts, ch. 707, s 5, eff. 6/22/2020.Added by 2013 Tenn. Acts, ch. 22, s 1, eff. 3/20/2013.\n\nThe third week of June each year shall be observed as \"Lymphedema Awareness Week,\" to encourage all medical facilities in the state to dedicate more time, energy, and funding to the diagnosing and treatment of the disease. This week shall not be a legal holiday as defined in §15-1-101.Amended by 2020 Tenn. Acts, ch. 707, s 5, eff. 6/22/2020.Added by 2013 Tenn. Acts, ch. 22, s 1, eff. 3/20/2013.\n\nThe third week of June each year shall be observed as \"Lymphedema Awareness Week,\" to encourage all medical facilities in the state to dedicate more time, energy, and funding to the diagnosing and treatment of the disease. This week shall not be a legal holiday as defined in §15-1-101.Amended by 2020 Tenn. Acts, ch. 707, s 5, eff. 6/22/2020.Added by 2013 Tenn. Acts, ch. 22, s 1, eff. 3/20/2013.\n\nThe third week of June each year shall be observed as \"Lymphedema Awareness Week,\" to encourage all medical facilities in the state to dedicate more time, energy, and funding to the diagnosing and treatment of the disease. This week shall not be a legal holiday as defined in §15-1-101.\n\nAmended by 2020 Tenn. Acts, ch. 707, s 5, eff. 6/22/2020.\n\nAdded by 2013 Tenn. Acts, ch. 22, s 1, eff. 3/20/2013.",
      "history": "",
      "source_url": "https://law.justia.com/codes/tennessee/title-15/chapter-2/section-15-2-123/"
    },
    {
      "id": "section-15-2-124",
      "number": "15-2-124",
      "heading": "Transverse Myelitis Awareness Day",
      "text": "June 6 of each year shall be observed as \"Transverse Myelitis Awareness Day,\" to raise public awareness about this debilitating neurological spinal cord disorder. This day shall not be a legal holiday, as defined in §15-1-101.Amended by 2020 Tenn. Acts, ch. 707, s 5, eff. 6/22/2020.Acts 2014 , ch. 598, § 1.\n\nJune 6 of each year shall be observed as \"Transverse Myelitis Awareness Day,\" to raise public awareness about this debilitating neurological spinal cord disorder. This day shall not be a legal holiday, as defined in §15-1-101.Amended by 2020 Tenn. Acts, ch. 707, s 5, eff. 6/22/2020.Acts 2014 , ch. 598, § 1.\n\nJune 6 of each year shall be observed as \"Transverse Myelitis Awareness Day,\" to raise public awareness about this debilitating neurological spinal cord disorder. This day shall not be a legal holiday, as defined in §15-1-101.Amended by 2020 Tenn. Acts, ch. 707, s 5, eff. 6/22/2020.Acts 2014 , ch. 598, § 1.\n\nJune 6 of each year shall be observed as \"Transverse Myelitis Awareness Day,\" to raise public awareness about this debilitating neurological spinal cord disorder. This day shall not be a legal holiday, as defined in §15-1-101.\n\nAmended by 2020 Tenn. Acts, ch. 707, s 5, eff. 6/22/2020.\n\nActs 2014 , ch. 598, § 1.",
      "history": "",
      "source_url": "https://law.justia.com/codes/tennessee/title-15/chapter-2/section-15-2-124/"
    },
    {
      "id": "section-15-2-125",
      "number": "15-2-125",
      "heading": "Police Memorial Day",
      "text": "May 11 of each year shall be observed as \"Police Memorial Day,\" to honor and recognize law enforcement officers in this state for their dedication and selfless service. This day shall not be a legal holiday as defined in §15-1-101.Amended by 2020 Tenn. Acts, ch. 707, s 5, eff. 6/22/2020.Added by 2015 Tenn. Acts, ch. 49, s 1, eff. 3/27/2015.\n\nMay 11 of each year shall be observed as \"Police Memorial Day,\" to honor and recognize law enforcement officers in this state for their dedication and selfless service. This day shall not be a legal holiday as defined in §15-1-101.Amended by 2020 Tenn. Acts, ch. 707, s 5, eff. 6/22/2020.Added by 2015 Tenn. Acts, ch. 49, s 1, eff. 3/27/2015.\n\nMay 11 of each year shall be observed as \"Police Memorial Day,\" to honor and recognize law enforcement officers in this state for their dedication and selfless service. This day shall not be a legal holiday as defined in §15-1-101.Amended by 2020 Tenn. Acts, ch. 707, s 5, eff. 6/22/2020.Added by 2015 Tenn. Acts, ch. 49, s 1, eff. 3/27/2015.\n\nMay 11 of each year shall be observed as \"Police Memorial Day,\" to honor and recognize law enforcement officers in this state for their dedication and selfless service. This day shall not be a legal holiday as defined in §15-1-101.\n\nAmended by 2020 Tenn. Acts, ch. 707, s 5, eff. 6/22/2020.\n\nAdded by 2015 Tenn. Acts, ch. 49, s 1, eff. 3/27/2015.",
      "history": "",
      "source_url": "https://law.justia.com/codes/tennessee/title-15/chapter-2/section-15-2-125/"
    },
    {
      "id": "section-15-2-126",
      "number": "15-2-126",
      "heading": "Agriculture Literacy Week",
      "text": "The week that includes the third Thursday in November each year shall be designated \"Agriculture Literacy Week\" in Tennessee, to promote agricultural literacy and the need to educate students about the importance of agriculture to our state and our nation. This week shall not be a legal holiday as defined in §15-1-101.Amended by 2020 Tenn. Acts, ch. 707, s 5, eff. 6/22/2020.Added by 2015 Tenn. Acts, ch. 75, s 1, eff. 7/1/2015.\n\nThe week that includes the third Thursday in November each year shall be designated \"Agriculture Literacy Week\" in Tennessee, to promote agricultural literacy and the need to educate students about the importance of agriculture to our state and our nation. This week shall not be a legal holiday as defined in §15-1-101.Amended by 2020 Tenn. Acts, ch. 707, s 5, eff. 6/22/2020.Added by 2015 Tenn. Acts, ch. 75, s 1, eff. 7/1/2015.\n\nThe week that includes the third Thursday in November each year shall be designated \"Agriculture Literacy Week\" in Tennessee, to promote agricultural literacy and the need to educate students about the importance of agriculture to our state and our nation. This week shall not be a legal holiday as defined in §15-1-101.Amended by 2020 Tenn. Acts, ch. 707, s 5, eff. 6/22/2020.Added by 2015 Tenn. Acts, ch. 75, s 1, eff. 7/1/2015.\n\nThe week that includes the third Thursday in November each year shall be designated \"Agriculture Literacy Week\" in Tennessee, to promote agricultural literacy and the need to educate students about the importance of agriculture to our state and our nation. This week shall not be a legal holiday as defined in §15-1-101.\n\nAmended by 2020 Tenn. Acts, ch. 707, s 5, eff. 6/22/2020.\n\nAdded by 2015 Tenn. Acts, ch. 75, s 1, eff. 7/1/2015.",
      "history": "",
      "source_url": "https://law.justia.com/codes/tennessee/title-15/chapter-2/section-15-2-126/"
    },
    {
      "id": "section-15-2-127",
      "number": "15-2-127",
      "heading": "Tennessee Missing Children's Day",
      "text": "March 4 of each year shall be observed as \"Tennessee Missing Children's Day,\" to raise public awareness about child abduction and sexual exploitation and to promote public education efforts as to appropriate protective measures, and ways to respond and seek help from law enforcement, social services, and the National Center for Missing and Exploited Children. This day shall not be a legal holiday, as defined in §15-1-101.Amended by 2020 Tenn. Acts, ch. 707, s 5, eff. 6/22/2020.Added by 2017 Tenn. Acts, ch. 6, s 1, eff. 3/15/2017.\n\nMarch 4 of each year shall be observed as \"Tennessee Missing Children's Day,\" to raise public awareness about child abduction and sexual exploitation and to promote public education efforts as to appropriate protective measures, and ways to respond and seek help from law enforcement, social services, and the National Center for Missing and Exploited Children. This day shall not be a legal holiday, as defined in §15-1-101.Amended by 2020 Tenn. Acts, ch. 707, s 5, eff. 6/22/2020.Added by 2017 Tenn. Acts, ch. 6, s 1, eff. 3/15/2017.\n\nMarch 4 of each year shall be observed as \"Tennessee Missing Children's Day,\" to raise public awareness about child abduction and sexual exploitation and to promote public education efforts as to appropriate protective measures, and ways to respond and seek help from law enforcement, social services, and the National Center for Missing and Exploited Children. This day shall not be a legal holiday, as defined in §15-1-101.Amended by 2020 Tenn. Acts, ch. 707, s 5, eff. 6/22/2020.Added by 2017 Tenn. Acts, ch. 6, s 1, eff. 3/15/2017.\n\nMarch 4 of each year shall be observed as \"Tennessee Missing Children's Day,\" to raise public awareness about child abduction and sexual exploitation and to promote public education efforts as to appropriate protective measures, and ways to respond and seek help from law enforcement, social services, and the National Center for Missing and Exploited Children. This day shall not be a legal holiday, as defined in §15-1-101.\n\nAmended by 2020 Tenn. Acts, ch. 707, s 5, eff. 6/22/2020.\n\nAdded by 2017 Tenn. Acts, ch. 6, s 1, eff. 3/15/2017.",
      "history": "",
      "source_url": "https://law.justia.com/codes/tennessee/title-15/chapter-2/section-15-2-127/"
    },
    {
      "id": "section-15-2-128",
      "number": "15-2-128",
      "heading": "Tennessee Rural Mayor's Day",
      "text": "The first Monday of October of each year shall be observed as \"Tennessee Rural Mayor's Day,\" to honor and recognize mayors of small cities in this state for their tireless work and dedicated service to their respective communities. This day shall not be a legal holiday as defined in §15-1-101.Amended by 2020 Tenn. Acts, ch. 707, s 4, eff. 6/22/2020.Added by 2017 Tenn. Acts, ch. 176, s 1, eff. 4/24/2017.\n\nThe first Monday of October of each year shall be observed as \"Tennessee Rural Mayor's Day,\" to honor and recognize mayors of small cities in this state for their tireless work and dedicated service to their respective communities. This day shall not be a legal holiday as defined in §15-1-101.Amended by 2020 Tenn. Acts, ch. 707, s 4, eff. 6/22/2020.Added by 2017 Tenn. Acts, ch. 176, s 1, eff. 4/24/2017.\n\nThe first Monday of October of each year shall be observed as \"Tennessee Rural Mayor's Day,\" to honor and recognize mayors of small cities in this state for their tireless work and dedicated service to their respective communities. This day shall not be a legal holiday as defined in §15-1-101.Amended by 2020 Tenn. Acts, ch. 707, s 4, eff. 6/22/2020.Added by 2017 Tenn. Acts, ch. 176, s 1, eff. 4/24/2017.\n\nThe first Monday of October of each year shall be observed as \"Tennessee Rural Mayor's Day,\" to honor and recognize mayors of small cities in this state for their tireless work and dedicated service to their respective communities. This day shall not be a legal holiday as defined in §15-1-101.\n\nAmended by 2020 Tenn. Acts, ch. 707, s 4, eff. 6/22/2020.\n\nAdded by 2017 Tenn. Acts, ch. 176, s 1, eff. 4/24/2017.",
      "history": "",
      "source_url": "https://law.justia.com/codes/tennessee/title-15/chapter-2/section-15-2-128/"
    },
    {
      "id": "section-15-2-129",
      "number": "15-2-129",
      "heading": "Tennessee Songwriters Week",
      "text": "The last full week of February each year must be observed as \"Tennessee Songwriters Week,\" to promote Tennessee's musical heritage by recognizing the contributions of past and present songwriters to this state.Amended by 2020 Tenn. Acts, ch. 707, s 5, eff. 6/22/2020.Acts 2018 , ch. 578, § 1.\n\nThe last full week of February each year must be observed as \"Tennessee Songwriters Week,\" to promote Tennessee's musical heritage by recognizing the contributions of past and present songwriters to this state.Amended by 2020 Tenn. Acts, ch. 707, s 5, eff. 6/22/2020.Acts 2018 , ch. 578, § 1.\n\nThe last full week of February each year must be observed as \"Tennessee Songwriters Week,\" to promote Tennessee's musical heritage by recognizing the contributions of past and present songwriters to this state.Amended by 2020 Tenn. Acts, ch. 707, s 5, eff. 6/22/2020.Acts 2018 , ch. 578, § 1.\n\nThe last full week of February each year must be observed as \"Tennessee Songwriters Week,\" to promote Tennessee's musical heritage by recognizing the contributions of past and present songwriters to this state.\n\nAmended by 2020 Tenn. Acts, ch. 707, s 5, eff. 6/22/2020.\n\nActs 2018 , ch. 578, § 1.",
      "history": "",
      "source_url": "https://law.justia.com/codes/tennessee/title-15/chapter-2/section-15-2-129/"
    },
    {
      "id": "section-15-2-130",
      "number": "15-2-130",
      "heading": "Febb Burn Day",
      "text": "August 18 of each year shall be observed as \"Febb Burn Day,\" to honor Febb Burn's role in the enfranchisement of women. This day shall not be a legal holiday as defined in §15-1-101.Amended by 2020 Tenn. Acts, ch. 707, s 4, eff. 6/22/2020.Acts 2018 , ch. 589, § 1.\n\nAugust 18 of each year shall be observed as \"Febb Burn Day,\" to honor Febb Burn's role in the enfranchisement of women. This day shall not be a legal holiday as defined in §15-1-101.Amended by 2020 Tenn. Acts, ch. 707, s 4, eff. 6/22/2020.Acts 2018 , ch. 589, § 1.\n\nAugust 18 of each year shall be observed as \"Febb Burn Day,\" to honor Febb Burn's role in the enfranchisement of women. This day shall not be a legal holiday as defined in §15-1-101.Amended by 2020 Tenn. Acts, ch. 707, s 4, eff. 6/22/2020.Acts 2018 , ch. 589, § 1.\n\nAugust 18 of each year shall be observed as \"Febb Burn Day,\" to honor Febb Burn's role in the enfranchisement of women. This day shall not be a legal holiday as defined in §15-1-101.\n\nAmended by 2020 Tenn. Acts, ch. 707, s 4, eff. 6/22/2020.\n\nActs 2018 , ch. 589, § 1.",
      "history": "",
      "source_url": "https://law.justia.com/codes/tennessee/title-15/chapter-2/section-15-2-130/"
    },
    {
      "id": "section-15-2-131",
      "number": "15-2-131",
      "heading": "Financial Literacy Month",
      "text": "The month of April is observed as \"Financial Literacy Month\" in Tennessee, to promote financial literacy and the need to educate Tennesseans about the importance of personal financial health to Tennessee's future prosperity.Amended by 2023 Tenn. Acts, ch. 307, s 2, eff. 4/28/2023.Amended by 2020 Tenn. Acts, ch. 707, s 5, eff. 6/22/2020.Added by 2019 Tenn. Acts, ch. 37, s 1, eff. 3/22/2019.\n\nThe month of April is observed as \"Financial Literacy Month\" in Tennessee, to promote financial literacy and the need to educate Tennesseans about the importance of personal financial health to Tennessee's future prosperity.Amended by 2023 Tenn. Acts, ch. 307, s 2, eff. 4/28/2023.Amended by 2020 Tenn. Acts, ch. 707, s 5, eff. 6/22/2020.Added by 2019 Tenn. Acts, ch. 37, s 1, eff. 3/22/2019.\n\nThe month of April is observed as \"Financial Literacy Month\" in Tennessee, to promote financial literacy and the need to educate Tennesseans about the importance of personal financial health to Tennessee's future prosperity.Amended by 2023 Tenn. Acts, ch. 307, s 2, eff. 4/28/2023.Amended by 2020 Tenn. Acts, ch. 707, s 5, eff. 6/22/2020.Added by 2019 Tenn. Acts, ch. 37, s 1, eff. 3/22/2019.\n\nThe month of April is observed as \"Financial Literacy Month\" in Tennessee, to promote financial literacy and the need to educate Tennesseans about the importance of personal financial health to Tennessee's future prosperity.\n\nAmended by 2023 Tenn. Acts, ch. 307, s 2, eff. 4/28/2023.\n\nAmended by 2020 Tenn. Acts, ch. 707, s 5, eff. 6/22/2020.\n\nAdded by 2019 Tenn. Acts, ch. 37, s 1, eff. 3/22/2019.",
      "history": "",
      "source_url": "https://law.justia.com/codes/tennessee/title-15/chapter-2/section-15-2-131/"
    },
    {
      "id": "section-15-2-132",
      "number": "15-2-132",
      "heading": "Mrs. Rosa L. Parks Day",
      "text": "December 1 of each year is to be observed as \"Mrs. Rosa L. Parks Day\" to honor and recognize Mrs. Rosa L. Parks for her important role in the civil rights movement in the United States. This day is not a legal holiday as defined in §15-1-101.Amended by 2020 Tenn. Acts, ch. 707, s 5, eff. 6/22/2020.Added by 2019 Tenn. Acts, ch. 122, s 1, eff. 4/9/2019.\n\nDecember 1 of each year is to be observed as \"Mrs. Rosa L. Parks Day\" to honor and recognize Mrs. Rosa L. Parks for her important role in the civil rights movement in the United States. This day is not a legal holiday as defined in §15-1-101.Amended by 2020 Tenn. Acts, ch. 707, s 5, eff. 6/22/2020.Added by 2019 Tenn. Acts, ch. 122, s 1, eff. 4/9/2019.\n\nDecember 1 of each year is to be observed as \"Mrs. Rosa L. Parks Day\" to honor and recognize Mrs. Rosa L. Parks for her important role in the civil rights movement in the United States. This day is not a legal holiday as defined in §15-1-101.Amended by 2020 Tenn. Acts, ch. 707, s 5, eff. 6/22/2020.Added by 2019 Tenn. Acts, ch. 122, s 1, eff. 4/9/2019.\n\nDecember 1 of each year is to be observed as \"Mrs. Rosa L. Parks Day\" to honor and recognize Mrs. Rosa L. Parks for her important role in the civil rights movement in the United States. This day is not a legal holiday as defined in §15-1-101.\n\nAmended by 2020 Tenn. Acts, ch. 707, s 5, eff. 6/22/2020.\n\nAdded by 2019 Tenn. Acts, ch. 122, s 1, eff. 4/9/2019.",
      "history": "",
      "source_url": "https://law.justia.com/codes/tennessee/title-15/chapter-2/section-15-2-132/"
    },
    {
      "id": "section-15-2-133",
      "number": "15-2-133",
      "heading": "Post-Traumatic Stress Injury Awareness Day",
      "text": "June 27 of each year is to be observed as \"Post-Traumatic Stress Injury Awareness Day,\" to promote awareness of persons suffering from post-traumatic stress injury.Amended by 2020 Tenn. Acts, ch. 707, s 5, eff. 6/22/2020.Added by 2019 Tenn. Acts, ch. 137, s 1, eff. 4/9/2019.\n\nJune 27 of each year is to be observed as \"Post-Traumatic Stress Injury Awareness Day,\" to promote awareness of persons suffering from post-traumatic stress injury.Amended by 2020 Tenn. Acts, ch. 707, s 5, eff. 6/22/2020.Added by 2019 Tenn. Acts, ch. 137, s 1, eff. 4/9/2019.\n\nJune 27 of each year is to be observed as \"Post-Traumatic Stress Injury Awareness Day,\" to promote awareness of persons suffering from post-traumatic stress injury.Amended by 2020 Tenn. Acts, ch. 707, s 5, eff. 6/22/2020.Added by 2019 Tenn. Acts, ch. 137, s 1, eff. 4/9/2019.\n\nJune 27 of each year is to be observed as \"Post-Traumatic Stress Injury Awareness Day,\" to promote awareness of persons suffering from post-traumatic stress injury.\n\nAmended by 2020 Tenn. Acts, ch. 707, s 5, eff. 6/22/2020.\n\nAdded by 2019 Tenn. Acts, ch. 137, s 1, eff. 4/9/2019.",
      "history": "",
      "source_url": "https://law.justia.com/codes/tennessee/title-15/chapter-2/section-15-2-133/"
    },
    {
      "id": "section-15-2-134",
      "number": "15-2-134",
      "heading": "Women's Suffrage Day",
      "text": "August 18 of each year is to be observed as \"Women's Suffrage Day.\"Acts 2020, ch. 709, § 1.\n\nAugust 18 of each year is to be observed as \"Women's Suffrage Day.\"Acts 2020, ch. 709, § 1.\n\nAugust 18 of each year is to be observed as \"Women's Suffrage Day.\"Acts 2020, ch. 709, § 1.\n\nAugust 18 of each year is to be observed as \"Women's Suffrage Day.\"\n\nActs 2020, ch. 709, § 1.",
      "history": "",
      "source_url": "https://law.justia.com/codes/tennessee/title-15/chapter-2/section-15-2-134/"
    },
    {
      "id": "section-15-2-135",
      "number": "15-2-135",
      "heading": "Women's Veterans Day",
      "text": "June 12 of each year is to be observed as \"Women's Veterans Day,\" to honor the efforts of our distinguished female veterans and pay tribute to their character and courage in answering the call of action with pride and conviction.Added by 2021 Tenn. Acts, ch. 35,s 1, eff. 3/23/2021.\n\nJune 12 of each year is to be observed as \"Women's Veterans Day,\" to honor the efforts of our distinguished female veterans and pay tribute to their character and courage in answering the call of action with pride and conviction.Added by 2021 Tenn. Acts, ch. 35,s 1, eff. 3/23/2021.\n\nJune 12 of each year is to be observed as \"Women's Veterans Day,\" to honor the efforts of our distinguished female veterans and pay tribute to their character and courage in answering the call of action with pride and conviction.Added by 2021 Tenn. Acts, ch. 35,s 1, eff. 3/23/2021.\n\nJune 12 of each year is to be observed as \"Women's Veterans Day,\" to honor the efforts of our distinguished female veterans and pay tribute to their character and courage in answering the call of action with pride and conviction.\n\nAdded by 2021 Tenn. Acts, ch. 35,s 1, eff. 3/23/2021.",
      "history": "",
      "source_url": "https://law.justia.com/codes/tennessee/title-15/chapter-2/section-15-2-135/"
    },
    {
      "id": "section-15-2-136",
      "number": "15-2-136",
      "heading": "Barber, Beauty, and Health Month",
      "text": "The month of April is observed as \"Barber, Beauty, and Health Month\" in this state to recognize the contributions of Tennesseans to the health and beauty industry, to honor those persons who work in the health and beauty industry, to recognize those persons who work to help this state become the best in the nation for natural hair care and cosmetology, and to remind Tennesseans of the importance of maintaining proper health and wellness.Added by 2021 Tenn. Acts, ch. 68,s 1, eff. 3/29/2021.\n\nThe month of April is observed as \"Barber, Beauty, and Health Month\" in this state to recognize the contributions of Tennesseans to the health and beauty industry, to honor those persons who work in the health and beauty industry, to recognize those persons who work to help this state become the best in the nation for natural hair care and cosmetology, and to remind Tennesseans of the importance of maintaining proper health and wellness.Added by 2021 Tenn. Acts, ch. 68,s 1, eff. 3/29/2021.\n\nThe month of April is observed as \"Barber, Beauty, and Health Month\" in this state to recognize the contributions of Tennesseans to the health and beauty industry, to honor those persons who work in the health and beauty industry, to recognize those persons who work to help this state become the best in the nation for natural hair care and cosmetology, and to remind Tennesseans of the importance of maintaining proper health and wellness.Added by 2021 Tenn. Acts, ch. 68,s 1, eff. 3/29/2021.\n\nThe month of April is observed as \"Barber, Beauty, and Health Month\" in this state to recognize the contributions of Tennesseans to the health and beauty industry, to honor those persons who work in the health and beauty industry, to recognize those persons who work to help this state become the best in the nation for natural hair care and cosmetology, and to remind Tennesseans of the importance of maintaining proper health and wellness.\n\nAdded by 2021 Tenn. Acts, ch. 68,s 1, eff. 3/29/2021.",
      "history": "",
      "source_url": "https://law.justia.com/codes/tennessee/title-15/chapter-2/section-15-2-136/"
    },
    {
      "id": "section-15-2-137",
      "number": "15-2-137",
      "heading": "D-Day Remembrance Day",
      "text": "June 6 of each year is to be observed as \"D-Day Remembrance Day in Tennessee\", to honor and remember the brave men and women who fought valiantly and worked tirelessly to achieve the greatest amphibious invasion in history, which led to the liberation of Europe from tyranny. This is not a legal holiday as defined in §15-1-101.Added by 2024 Tenn. Acts, ch. 601,s 1, eff. 3/27/2024.\n\nJune 6 of each year is to be observed as \"D-Day Remembrance Day in Tennessee\", to honor and remember the brave men and women who fought valiantly and worked tirelessly to achieve the greatest amphibious invasion in history, which led to the liberation of Europe from tyranny. This is not a legal holiday as defined in §15-1-101.Added by 2024 Tenn. Acts, ch. 601,s 1, eff. 3/27/2024.\n\nJune 6 of each year is to be observed as \"D-Day Remembrance Day in Tennessee\", to honor and remember the brave men and women who fought valiantly and worked tirelessly to achieve the greatest amphibious invasion in history, which led to the liberation of Europe from tyranny. This is not a legal holiday as defined in §15-1-101.Added by 2024 Tenn. Acts, ch. 601,s 1, eff. 3/27/2024.\n\nJune 6 of each year is to be observed as \"D-Day Remembrance Day in Tennessee\", to honor and remember the brave men and women who fought valiantly and worked tirelessly to achieve the greatest amphibious invasion in history, which led to the liberation of Europe from tyranny. This is not a legal holiday as defined in §15-1-101.\n\nAdded by 2024 Tenn. Acts, ch. 601,s 1, eff. 3/27/2024.",
      "history": "",
      "source_url": "https://law.justia.com/codes/tennessee/title-15/chapter-2/section-15-2-137/"
    },
    {
      "id": "section-15-2-138",
      "number": "15-2-138",
      "heading": "African-American Music Appreciation Month",
      "text": "The month of June is observed annually as \"African-American Music Appreciation Month\" in this state.Added by 2021 Tenn. Acts, ch. 95, s 1, eff. 4/7/2021.\n\nThe month of June is observed annually as \"African-American Music Appreciation Month\" in this state.Added by 2021 Tenn. Acts, ch. 95, s 1, eff. 4/7/2021.\n\nThe month of June is observed annually as \"African-American Music Appreciation Month\" in this state.Added by 2021 Tenn. Acts, ch. 95, s 1, eff. 4/7/2021.\n\nThe month of June is observed annually as \"African-American Music Appreciation Month\" in this state.\n\nAdded by 2021 Tenn. Acts, ch. 95, s 1, eff. 4/7/2021.",
      "history": "",
      "source_url": "https://law.justia.com/codes/tennessee/title-15/chapter-2/section-15-2-138/"
    },
    {
      "id": "section-15-2-139",
      "number": "15-2-139",
      "heading": "Tennessee Manufacturing Day",
      "text": "The first Friday in October of each year is designated as \"Tennessee Manufacturing Day,\" to promote manufacturing and highlight the benefits of manufacturing to our state and nation. This day is not a legal holiday as defined in §15-1-101.Added by 2021 Tenn. Acts, ch. 132, s 1, eff. 7/1/2021.\n\nThe first Friday in October of each year is designated as \"Tennessee Manufacturing Day,\" to promote manufacturing and highlight the benefits of manufacturing to our state and nation. This day is not a legal holiday as defined in §15-1-101.Added by 2021 Tenn. Acts, ch. 132, s 1, eff. 7/1/2021.\n\nThe first Friday in October of each year is designated as \"Tennessee Manufacturing Day,\" to promote manufacturing and highlight the benefits of manufacturing to our state and nation. This day is not a legal holiday as defined in §15-1-101.Added by 2021 Tenn. Acts, ch. 132, s 1, eff. 7/1/2021.\n\nThe first Friday in October of each year is designated as \"Tennessee Manufacturing Day,\" to promote manufacturing and highlight the benefits of manufacturing to our state and nation. This day is not a legal holiday as defined in §15-1-101.\n\nAdded by 2021 Tenn. Acts, ch. 132, s 1, eff. 7/1/2021.",
      "history": "",
      "source_url": "https://law.justia.com/codes/tennessee/title-15/chapter-2/section-15-2-139/"
    },
    {
      "id": "section-15-2-140",
      "number": "15-2-140",
      "heading": "Star-Spangled Banner Day",
      "text": "September 14 of each year is observed as \"Star-Spangled Banner Day,\" to join with our fellow citizens in celebration of this patriotic occasion across this state.Added by 2021 Tenn. Acts, ch. 167, s 1, eff. 4/20/2021.\n\nSeptember 14 of each year is observed as \"Star-Spangled Banner Day,\" to join with our fellow citizens in celebration of this patriotic occasion across this state.Added by 2021 Tenn. Acts, ch. 167, s 1, eff. 4/20/2021.\n\nSeptember 14 of each year is observed as \"Star-Spangled Banner Day,\" to join with our fellow citizens in celebration of this patriotic occasion across this state.Added by 2021 Tenn. Acts, ch. 167, s 1, eff. 4/20/2021.\n\nSeptember 14 of each year is observed as \"Star-Spangled Banner Day,\" to join with our fellow citizens in celebration of this patriotic occasion across this state.\n\nAdded by 2021 Tenn. Acts, ch. 167, s 1, eff. 4/20/2021.",
      "history": "",
      "source_url": "https://law.justia.com/codes/tennessee/title-15/chapter-2/section-15-2-140/"
    },
    {
      "id": "section-15-2-141",
      "number": "15-2-141",
      "heading": "Economic Education Month",
      "text": "The month of October is observed annually as \"Economic Education Month\" in this state.Added by 2022 Tenn. Acts, ch. 624,s 1, eff. 3/1/2022.\n\nThe month of October is observed annually as \"Economic Education Month\" in this state.Added by 2022 Tenn. Acts, ch. 624,s 1, eff. 3/1/2022.\n\nThe month of October is observed annually as \"Economic Education Month\" in this state.Added by 2022 Tenn. Acts, ch. 624,s 1, eff. 3/1/2022.\n\nThe month of October is observed annually as \"Economic Education Month\" in this state.\n\nAdded by 2022 Tenn. Acts, ch. 624,s 1, eff. 3/1/2022.",
      "history": "",
      "source_url": "https://law.justia.com/codes/tennessee/title-15/chapter-2/section-15-2-141/"
    },
    {
      "id": "section-15-2-142",
      "number": "15-2-142",
      "heading": "Brain Aneurysm Month",
      "text": "The month of September is observed annually as \"Brain Aneurysm Month\" in this state.Added by 2022 Tenn. Acts, ch. 653,s 1, eff. 3/15/2022.\n\nThe month of September is observed annually as \"Brain Aneurysm Month\" in this state.Added by 2022 Tenn. Acts, ch. 653,s 1, eff. 3/15/2022.\n\nThe month of September is observed annually as \"Brain Aneurysm Month\" in this state.Added by 2022 Tenn. Acts, ch. 653,s 1, eff. 3/15/2022.\n\nThe month of September is observed annually as \"Brain Aneurysm Month\" in this state.\n\nAdded by 2022 Tenn. Acts, ch. 653,s 1, eff. 3/15/2022.",
      "history": "",
      "source_url": "https://law.justia.com/codes/tennessee/title-15/chapter-2/section-15-2-142/"
    },
    {
      "id": "section-15-2-143",
      "number": "15-2-143",
      "heading": "Historically Black Colleges and Universities Day",
      "text": "November 8 of each year is to be observed as \"Historically Black Colleges and Universities Day.\" This day is not a legal holiday as defined in §15-1-101.Added by 2022 Tenn. Acts, ch. 750, s 1, eff. 3/24/2022.\n\nNovember 8 of each year is to be observed as \"Historically Black Colleges and Universities Day.\" This day is not a legal holiday as defined in §15-1-101.Added by 2022 Tenn. Acts, ch. 750, s 1, eff. 3/24/2022.\n\nNovember 8 of each year is to be observed as \"Historically Black Colleges and Universities Day.\" This day is not a legal holiday as defined in §15-1-101.Added by 2022 Tenn. Acts, ch. 750, s 1, eff. 3/24/2022.\n\nNovember 8 of each year is to be observed as \"Historically Black Colleges and Universities Day.\" This day is not a legal holiday as defined in §15-1-101.\n\nAdded by 2022 Tenn. Acts, ch. 750, s 1, eff. 3/24/2022.",
      "history": "",
      "source_url": "https://law.justia.com/codes/tennessee/title-15/chapter-2/section-15-2-143/"
    },
    {
      "id": "section-15-2-144",
      "number": "15-2-144",
      "heading": "Alexander Disease Day",
      "text": "April 7 of each year is to be observed as \"Alexander Disease Day,\" to raise public awareness of the rare autosomal dominant leukodystrophy, a neurological condition caused by anomalies in the myelin that protect nerve fibers in the brain. This day is not a legal holiday as defined in §15-1-101.Added by 2022 Tenn. Acts, ch. 768, s 1, eff. 4/7/2022.\n\nApril 7 of each year is to be observed as \"Alexander Disease Day,\" to raise public awareness of the rare autosomal dominant leukodystrophy, a neurological condition caused by anomalies in the myelin that protect nerve fibers in the brain. This day is not a legal holiday as defined in §15-1-101.Added by 2022 Tenn. Acts, ch. 768, s 1, eff. 4/7/2022.\n\nApril 7 of each year is to be observed as \"Alexander Disease Day,\" to raise public awareness of the rare autosomal dominant leukodystrophy, a neurological condition caused by anomalies in the myelin that protect nerve fibers in the brain. This day is not a legal holiday as defined in §15-1-101.Added by 2022 Tenn. Acts, ch. 768, s 1, eff. 4/7/2022.\n\nApril 7 of each year is to be observed as \"Alexander Disease Day,\" to raise public awareness of the rare autosomal dominant leukodystrophy, a neurological condition caused by anomalies in the myelin that protect nerve fibers in the brain. This day is not a legal holiday as defined in §15-1-101.\n\nAdded by 2022 Tenn. Acts, ch. 768, s 1, eff. 4/7/2022.",
      "history": "",
      "source_url": "https://law.justia.com/codes/tennessee/title-15/chapter-2/section-15-2-144/"
    },
    {
      "id": "section-15-2-145",
      "number": "15-2-145",
      "heading": "Ida B. Wells Day",
      "text": "July 16 of each year is to be observed as \"Ida B. Wells Day.\" This day is not a legal holiday as defined in §15-1-101.Added by 2022 Tenn. Acts, ch. 924, s 1, eff. 4/27/2022.\n\nJuly 16 of each year is to be observed as \"Ida B. Wells Day.\" This day is not a legal holiday as defined in §15-1-101.Added by 2022 Tenn. Acts, ch. 924, s 1, eff. 4/27/2022.\n\nJuly 16 of each year is to be observed as \"Ida B. Wells Day.\" This day is not a legal holiday as defined in §15-1-101.Added by 2022 Tenn. Acts, ch. 924, s 1, eff. 4/27/2022.\n\nJuly 16 of each year is to be observed as \"Ida B. Wells Day.\" This day is not a legal holiday as defined in §15-1-101.\n\nAdded by 2022 Tenn. Acts, ch. 924, s 1, eff. 4/27/2022.",
      "history": "",
      "source_url": "https://law.justia.com/codes/tennessee/title-15/chapter-2/section-15-2-145/"
    },
    {
      "id": "section-15-2-146",
      "number": "15-2-146",
      "heading": "Silver Alert Awareness Month",
      "text": "The month of May is observed annually as \"Silver Alert Awareness Month\" in this state.Added by 2023 Tenn. Acts, ch. 36, s 1, eff. 3/14/2023.\n\nThe month of May is observed annually as \"Silver Alert Awareness Month\" in this state.Added by 2023 Tenn. Acts, ch. 36, s 1, eff. 3/14/2023.\n\nThe month of May is observed annually as \"Silver Alert Awareness Month\" in this state.Added by 2023 Tenn. Acts, ch. 36, s 1, eff. 3/14/2023.\n\nThe month of May is observed annually as \"Silver Alert Awareness Month\" in this state.\n\nAdded by 2023 Tenn. Acts, ch. 36, s 1, eff. 3/14/2023.",
      "history": "",
      "source_url": "https://law.justia.com/codes/tennessee/title-15/chapter-2/section-15-2-146/"
    },
    {
      "id": "section-15-2-147",
      "number": "15-2-147",
      "heading": "Tennessee Lineworker Appreciation Day",
      "text": "The second Monday in April of each year is designated as \"Tennessee Lineworker Appreciation Day,\" to honor and recognize lineworkers for their estimable work in providing for the safety and well-being of this state's citizens. This day is not a legal holiday as defined in §15-1-101.Added by 2023 Tenn. Acts, ch. 47, s 1, eff. 3/14/2023.\n\nThe second Monday in April of each year is designated as \"Tennessee Lineworker Appreciation Day,\" to honor and recognize lineworkers for their estimable work in providing for the safety and well-being of this state's citizens. This day is not a legal holiday as defined in §15-1-101.Added by 2023 Tenn. Acts, ch. 47, s 1, eff. 3/14/2023.\n\nThe second Monday in April of each year is designated as \"Tennessee Lineworker Appreciation Day,\" to honor and recognize lineworkers for their estimable work in providing for the safety and well-being of this state's citizens. This day is not a legal holiday as defined in §15-1-101.Added by 2023 Tenn. Acts, ch. 47, s 1, eff. 3/14/2023.\n\nThe second Monday in April of each year is designated as \"Tennessee Lineworker Appreciation Day,\" to honor and recognize lineworkers for their estimable work in providing for the safety and well-being of this state's citizens. This day is not a legal holiday as defined in §15-1-101.\n\nAdded by 2023 Tenn. Acts, ch. 47, s 1, eff. 3/14/2023.",
      "history": "",
      "source_url": "https://law.justia.com/codes/tennessee/title-15/chapter-2/section-15-2-147/"
    },
    {
      "id": "section-15-2-148",
      "number": "15-2-148",
      "heading": "PANDAS Awareness Day",
      "text": "October 9 of each year is observed as \"PANDAS Awareness Day,\" to increase public awareness of the serious illnesses PANDAS (Pediatric Autoimmune Neuropsychiatric Disorders Associated with Streptococcal Infections) and PANS (Pediatric Acute-onset Neuropsychiatric Syndrome).Added by 2024 Tenn. Acts, ch. 777,s 1, eff. 4/23/2024.\n\nOctober 9 of each year is observed as \"PANDAS Awareness Day,\" to increase public awareness of the serious illnesses PANDAS (Pediatric Autoimmune Neuropsychiatric Disorders Associated with Streptococcal Infections) and PANS (Pediatric Acute-onset Neuropsychiatric Syndrome).Added by 2024 Tenn. Acts, ch. 777,s 1, eff. 4/23/2024.\n\nOctober 9 of each year is observed as \"PANDAS Awareness Day,\" to increase public awareness of the serious illnesses PANDAS (Pediatric Autoimmune Neuropsychiatric Disorders Associated with Streptococcal Infections) and PANS (Pediatric Acute-onset Neuropsychiatric Syndrome).Added by 2024 Tenn. Acts, ch. 777,s 1, eff. 4/23/2024.\n\nOctober 9 of each year is observed as \"PANDAS Awareness Day,\" to increase public awareness of the serious illnesses PANDAS (Pediatric Autoimmune Neuropsychiatric Disorders Associated with Streptococcal Infections) and PANS (Pediatric Acute-onset Neuropsychiatric Syndrome).\n\nAdded by 2024 Tenn. Acts, ch. 777,s 1, eff. 4/23/2024.",
      "history": "",
      "source_url": "https://law.justia.com/codes/tennessee/title-15/chapter-2/section-15-2-148/"
    },
    {
      "id": "section-15-2-149",
      "number": "15-2-149",
      "heading": "Reverend Kelly Miller Smith, Sr. week of service",
      "text": "The calendar week that includes October 28 is observed as the Reverend Kelly Miller Smith, Sr. Week of Service. Residents of this state are encouraged to perform works of community service during the week.Added by 2024 Tenn. Acts, ch. 842,s 1, eff. 5/1/2024.\n\nThe calendar week that includes October 28 is observed as the Reverend Kelly Miller Smith, Sr. Week of Service. Residents of this state are encouraged to perform works of community service during the week.Added by 2024 Tenn. Acts, ch. 842,s 1, eff. 5/1/2024.\n\nThe calendar week that includes October 28 is observed as the Reverend Kelly Miller Smith, Sr. Week of Service. Residents of this state are encouraged to perform works of community service during the week.Added by 2024 Tenn. Acts, ch. 842,s 1, eff. 5/1/2024.\n\nThe calendar week that includes October 28 is observed as the Reverend Kelly Miller Smith, Sr. Week of Service. Residents of this state are encouraged to perform works of community service during the week.\n\nAdded by 2024 Tenn. Acts, ch. 842,s 1, eff. 5/1/2024.",
      "history": "",
      "source_url": "https://law.justia.com/codes/tennessee/title-15/chapter-2/section-15-2-149/"
    }
  ]
}