{
  "state": "tennessee",
  "path": "title-title-15-holidays-15-1-101-15-2-149/chapter-chapter-1-holidays-15-1-101-15-1-105",
  "sections": [
    {
      "id": "section-15-1-101",
      "number": "15-1-101",
      "heading": "Legal holidaysSection 15-1-102 - Friday holidays - Optional suspension of Saturday businessSection 15-1-103 - Banks - Optional Saturday businessSection 15-1-104 - Banks - Optional suspension of Wednesday, Thursday, or Saturday morning businessSection 15-1-105 - Veterans' Day as holiday for veteran e",
      "text": "January 1; the third Monday in January, \"Martin Luther King, Jr. Day\"; the third Monday in February, known as \"Washington Day\"; the last Monday in May, known as \"Memorial\" or \"Decoration Day\"; June 19, known as \"Juneteenth\"; July 4; the first Monday in September, known as \"Labor Day\"; the second Monday in October, known as \"Columbus Day\"; November 11, known as \"Veterans' Day\"; the fourth Thursday in November, known as \"Thanksgiving Day\"; December 25; and Good Friday; and when any one (1) of these days falls on Sunday, then the following Monday shall be substituted; and when any of these days falls on Saturday, then the preceding Friday shall be substituted; also, all days appointed by the governor or by the president of the United States as days of fasting or thanksgiving, and all days set apart by law for holding county, state, or national elections, throughout this state, are made legal holidays, and the period from twelve o'clock (12:00) noon to twelve o'clock (12:00) midnight of each Saturday which is not a holiday is made a half-holiday, on which holidays and half-holidays all public offices of this state may be closed and business of every character, at the option of the parties in interest of the same, may be suspended.Amended by 2023 Tenn. Acts, ch. 337, s 1, eff. 5/5/2023.Acts 1889, ch. 63, § 1; 1891, ch. 48, § 1; 1899, ch. 94, § 85; 1899, ch. 156, § 1; 1899, ch. 162, § 1; 1903, ch. 136, § 1; Shan., § 3515; Acts 1917, ch. 86, § 1; 1919, ch. 28, § 1; 1919, ch. 34, § 1; 1921, ch. 73, § 1; mod. Code 1932, § 7520; Acts 1937, ch. 164, § 1; 1937, ch. 169, § 1; mod. C. Supp. 1950, §7520 (Williams, §§7520, 7520.3); impl. am. Acts 1953, ch. 91; impl. am. Act of Congress, 6/1/1954, ch. 250; Acts 1969, ch. 166, § 1; 1973, ch. 23, § 1; modified; T.C.A. (orig. ed.), § 55-101; Acts 1984, ch. 979, § 1.\n\nJanuary 1; the third Monday in January, \"Martin Luther King, Jr. Day\"; the third Monday in February, known as \"Washington Day\"; the last Monday in May, known as \"Memorial\" or \"Decoration Day\"; June 19, known as \"Juneteenth\"; July 4; the first Monday in September, known as \"Labor Day\"; the second Monday in October, known as \"Columbus Day\"; November 11, known as \"Veterans' Day\"; the fourth Thursday in November, known as \"Thanksgiving Day\"; December 25; and Good Friday; and when any one (1) of these days falls on Sunday, then the following Monday shall be substituted; and when any of these days falls on Saturday, then the preceding Friday shall be substituted; also, all days appointed by the governor or by the president of the United States as days of fasting or thanksgiving, and all days set apart by law for holding county, state, or national elections, throughout this state, are made legal holidays, and the period from twelve o'clock (12:00) noon to twelve o'clock (12:00) midnight of each Saturday which is not a holiday is made a half-holiday, on which holidays and half-holidays all public offices of this state may be closed and business of every character, at the option of the parties in interest of the same, may be suspended.Amended by 2023 Tenn. Acts, ch. 337, s 1, eff. 5/5/2023.Acts 1889, ch. 63, § 1; 1891, ch. 48, § 1; 1899, ch. 94, § 85; 1899, ch. 156, § 1; 1899, ch. 162, § 1; 1903, ch. 136, § 1; Shan., § 3515; Acts 1917, ch. 86, § 1; 1919, ch. 28, § 1; 1919, ch. 34, § 1; 1921, ch. 73, § 1; mod. Code 1932, § 7520; Acts 1937, ch. 164, § 1; 1937, ch. 169, § 1; mod. C. Supp. 1950, §7520 (Williams, §§7520, 7520.3); impl. am. Acts 1953, ch. 91; impl. am. Act of Congress, 6/1/1954, ch. 250; Acts 1969, ch. 166, § 1; 1973, ch. 23, § 1; modified; T.C.A. (orig. ed.), § 55-101; Acts 1984, ch. 979, § 1.\n\nJanuary 1; the third Monday in January, \"Martin Luther King, Jr. Day\"; the third Monday in February, known as \"Washington Day\"; the last Monday in May, known as \"Memorial\" or \"Decoration Day\"; June 19, known as \"Juneteenth\"; July 4; the first Monday in September, known as \"Labor Day\"; the second Monday in October, known as \"Columbus Day\"; November 11, known as \"Veterans' Day\"; the fourth Thursday in November, known as \"Thanksgiving Day\"; December 25; and Good Friday; and when any one (1) of these days falls on Sunday, then the following Monday shall be substituted; and when any of these days falls on Saturday, then the preceding Friday shall be substituted; also, all days appointed by the governor or by the president of the United States as days of fasting or thanksgiving, and all days set apart by law for holding county, state, or national elections, throughout this state, are made legal holidays, and the period from twelve o'clock (12:00) noon to twelve o'clock (12:00) midnight of each Saturday which is not a holiday is made a half-holiday, on which holidays and half-holidays all public offices of this state may be closed and business of every character, at the option of the parties in interest of the same, may be suspended.Amended by 2023 Tenn. Acts, ch. 337, s 1, eff. 5/5/2023.Acts 1889, ch. 63, § 1; 1891, ch. 48, § 1; 1899, ch. 94, § 85; 1899, ch. 156, § 1; 1899, ch. 162, § 1; 1903, ch. 136, § 1; Shan., § 3515; Acts 1917, ch. 86, § 1; 1919, ch. 28, § 1; 1919, ch. 34, § 1; 1921, ch. 73, § 1; mod. Code 1932, § 7520; Acts 1937, ch. 164, § 1; 1937, ch. 169, § 1; mod. C. Supp. 1950, §7520 (Williams, §§7520, 7520.3); impl. am. Acts 1953, ch. 91; impl. am. Act of Congress, 6/1/1954, ch. 250; Acts 1969, ch. 166, § 1; 1973, ch. 23, § 1; modified; T.C.A. (orig. ed.), § 55-101; Acts 1984, ch. 979, § 1.\n\nJanuary 1; the third Monday in January, \"Martin Luther King, Jr. Day\"; the third Monday in February, known as \"Washington Day\"; the last Monday in May, known as \"Memorial\" or \"Decoration Day\"; June 19, known as \"Juneteenth\"; July 4; the first Monday in September, known as \"Labor Day\"; the second Monday in October, known as \"Columbus Day\"; November 11, known as \"Veterans' Day\"; the fourth Thursday in November, known as \"Thanksgiving Day\"; December 25; and Good Friday; and when any one (1) of these days falls on Sunday, then the following Monday shall be substituted; and when any of these days falls on Saturday, then the preceding Friday shall be substituted; also, all days appointed by the governor or by the president of the United States as days of fasting or thanksgiving, and all days set apart by law for holding county, state, or national elections, throughout this state, are made legal holidays, and the period from twelve o'clock (12:00) noon to twelve o'clock (12:00) midnight of each Saturday which is not a holiday is made a half-holiday, on which holidays and half-holidays all public offices of this state may be closed and business of every character, at the option of the parties in interest of the same, may be suspended.\n\nAmended by 2023 Tenn. Acts, ch. 337, s 1, eff. 5/5/2023.\n\nActs 1889, ch. 63, § 1; 1891, ch. 48, § 1; 1899, ch. 94, § 85; 1899, ch. 156, § 1; 1899, ch. 162, § 1; 1903, ch. 136, § 1; Shan., § 3515; Acts 1917, ch. 86, § 1; 1919, ch. 28, § 1; 1919, ch. 34, § 1; 1921, ch. 73, § 1; mod. Code 1932, § 7520; Acts 1937, ch. 164, § 1; 1937, ch. 169, § 1; mod. C. Supp. 1950, §7520 (Williams, §§7520, 7520.3); impl. am. Acts 1953, ch. 91; impl. am. Act of Congress, 6/1/1954, ch. 250; Acts 1969, ch. 166, § 1; 1973, ch. 23, § 1; modified; T.C.A. (orig. ed.), § 55-101; Acts 1984, ch. 979, § 1.",
      "history": "",
      "source_url": "https://law.justia.com/codes/tennessee/title-15/chapter-1/section-15-1-101/"
    },
    {
      "id": "section-15-1-102",
      "number": "15-1-102",
      "heading": "Friday holidays - Optional suspension of Saturday business",
      "text": "Whenever January 1, July 4 or December 25 falls on Friday, then any corporation, firm or individual shall, on the succeeding Saturday, have the privilege and option to suspend business activities completely or partially and shall not incur any liability for failure to exercise on such a Saturday all of the lawful functions authorized by law; provided, that nothing herein shall be construed to compel any corporation, firm or individual to suspend lawful business functions on such a Saturday, as it is optional whether this right is exercised.Acts 1943, ch. 15, § 1; C. Supp. 1950, § 7521.1; T.C.A. (orig. ed.), § 55-103.\n\nWhenever January 1, July 4 or December 25 falls on Friday, then any corporation, firm or individual shall, on the succeeding Saturday, have the privilege and option to suspend business activities completely or partially and shall not incur any liability for failure to exercise on such a Saturday all of the lawful functions authorized by law; provided, that nothing herein shall be construed to compel any corporation, firm or individual to suspend lawful business functions on such a Saturday, as it is optional whether this right is exercised.Acts 1943, ch. 15, § 1; C. Supp. 1950, § 7521.1; T.C.A. (orig. ed.), § 55-103.\n\nWhenever January 1, July 4 or December 25 falls on Friday, then any corporation, firm or individual shall, on the succeeding Saturday, have the privilege and option to suspend business activities completely or partially and shall not incur any liability for failure to exercise on such a Saturday all of the lawful functions authorized by law; provided, that nothing herein shall be construed to compel any corporation, firm or individual to suspend lawful business functions on such a Saturday, as it is optional whether this right is exercised.Acts 1943, ch. 15, § 1; C. Supp. 1950, § 7521.1; T.C.A. (orig. ed.), § 55-103.\n\nWhenever January 1, July 4 or December 25 falls on Friday, then any corporation, firm or individual shall, on the succeeding Saturday, have the privilege and option to suspend business activities completely or partially and shall not incur any liability for failure to exercise on such a Saturday all of the lawful functions authorized by law; provided, that nothing herein shall be construed to compel any corporation, firm or individual to suspend lawful business functions on such a Saturday, as it is optional whether this right is exercised.\n\nActs 1943, ch. 15, § 1; C. Supp. 1950, § 7521.1; T.C.A. (orig. ed.), § 55-103.",
      "history": "",
      "source_url": "https://law.justia.com/codes/tennessee/title-15/chapter-1/section-15-1-102/"
    },
    {
      "id": "section-15-1-103",
      "number": "15-1-103",
      "heading": "Banks - Optional Saturday business",
      "text": "Nothing in any law shall in any manner affect the validity of, or render void or voidable, the payment, certification, or acceptance of a check or other negotiable instrument or any other transaction by a bank in this state, because done or performed on any legal holiday or on any Saturday between twelve o'clock (12:00) noon and twelve o'clock (12:00) midnight; provided, that such payment, certification, acceptance, or other transaction would be valid if done or performed on any business day other than a legal holiday, or if done or performed before twelve o'clock (12:00) noon on such Saturday. Nothing herein shall be construed to compel any bank, which by law or custom is entitled to close on a legal holiday, or is entitled to close at twelve o'clock (12:00) noon on any Saturday, to keep open for the transaction of business or to perform any of these acts or transactions on any legal holiday or on any Saturday after twelve o'clock (12:00) noon, except at its own option.Acts 1919, ch. 18, § 1; Shan. Supp., § 3515a; 1; mod. Code 1932, § 7521; Acts 1939, ch. 86, § 1; C. Supp. 1950, § 7521; T.C.A. (orig. ed.), § 55-102.\n\nNothing in any law shall in any manner affect the validity of, or render void or voidable, the payment, certification, or acceptance of a check or other negotiable instrument or any other transaction by a bank in this state, because done or performed on any legal holiday or on any Saturday between twelve o'clock (12:00) noon and twelve o'clock (12:00) midnight; provided, that such payment, certification, acceptance, or other transaction would be valid if done or performed on any business day other than a legal holiday, or if done or performed before twelve o'clock (12:00) noon on such Saturday. Nothing herein shall be construed to compel any bank, which by law or custom is entitled to close on a legal holiday, or is entitled to close at twelve o'clock (12:00) noon on any Saturday, to keep open for the transaction of business or to perform any of these acts or transactions on any legal holiday or on any Saturday after twelve o'clock (12:00) noon, except at its own option.Acts 1919, ch. 18, § 1; Shan. Supp., § 3515a; 1; mod. Code 1932, § 7521; Acts 1939, ch. 86, § 1; C. Supp. 1950, § 7521; T.C.A. (orig. ed.), § 55-102.\n\nNothing in any law shall in any manner affect the validity of, or render void or voidable, the payment, certification, or acceptance of a check or other negotiable instrument or any other transaction by a bank in this state, because done or performed on any legal holiday or on any Saturday between twelve o'clock (12:00) noon and twelve o'clock (12:00) midnight; provided, that such payment, certification, acceptance, or other transaction would be valid if done or performed on any business day other than a legal holiday, or if done or performed before twelve o'clock (12:00) noon on such Saturday. Nothing herein shall be construed to compel any bank, which by law or custom is entitled to close on a legal holiday, or is entitled to close at twelve o'clock (12:00) noon on any Saturday, to keep open for the transaction of business or to perform any of these acts or transactions on any legal holiday or on any Saturday after twelve o'clock (12:00) noon, except at its own option.Acts 1919, ch. 18, § 1; Shan. Supp., § 3515a; 1; mod. Code 1932, § 7521; Acts 1939, ch. 86, § 1; C. Supp. 1950, § 7521; T.C.A. (orig. ed.), § 55-102.\n\nNothing in any law shall in any manner affect the validity of, or render void or voidable, the payment, certification, or acceptance of a check or other negotiable instrument or any other transaction by a bank in this state, because done or performed on any legal holiday or on any Saturday between twelve o'clock (12:00) noon and twelve o'clock (12:00) midnight; provided, that such payment, certification, acceptance, or other transaction would be valid if done or performed on any business day other than a legal holiday, or if done or performed before twelve o'clock (12:00) noon on such Saturday. Nothing herein shall be construed to compel any bank, which by law or custom is entitled to close on a legal holiday, or is entitled to close at twelve o'clock (12:00) noon on any Saturday, to keep open for the transaction of business or to perform any of these acts or transactions on any legal holiday or on any Saturday after twelve o'clock (12:00) noon, except at its own option.\n\nActs 1919, ch. 18, § 1; Shan. Supp., § 3515a; 1; mod. Code 1932, § 7521; Acts 1939, ch. 86, § 1; C. Supp. 1950, § 7521; T.C.A. (orig. ed.), § 55-102.",
      "history": "",
      "source_url": "https://law.justia.com/codes/tennessee/title-15/chapter-1/section-15-1-103/"
    },
    {
      "id": "section-15-1-104",
      "number": "15-1-104",
      "heading": "Banks - Optional suspension of Wednesday, Thursday, or Saturday morning business",
      "text": "Every corporation, firm or individual doing a banking business in this state has the privilege and option to suspend business activities completely or partially on Wednesday, Thursday or Saturday mornings of each week and shall not incur any liability for failure then to exercise all of the lawful functions authorized by law; provided, that nothing herein shall be construed to compel any corporation, firm or individual doing a banking business in this state to suspend lawful functions on Wednesday, Thursday or Saturday mornings of each week.Acts 1949, ch. 187, § 1; C. Supp. 1950, § 7521.2; Acts 1953, ch. 175, § 1; T.C.A. (orig. ed.), § 55-104.\n\nEvery corporation, firm or individual doing a banking business in this state has the privilege and option to suspend business activities completely or partially on Wednesday, Thursday or Saturday mornings of each week and shall not incur any liability for failure then to exercise all of the lawful functions authorized by law; provided, that nothing herein shall be construed to compel any corporation, firm or individual doing a banking business in this state to suspend lawful functions on Wednesday, Thursday or Saturday mornings of each week.Acts 1949, ch. 187, § 1; C. Supp. 1950, § 7521.2; Acts 1953, ch. 175, § 1; T.C.A. (orig. ed.), § 55-104.\n\nEvery corporation, firm or individual doing a banking business in this state has the privilege and option to suspend business activities completely or partially on Wednesday, Thursday or Saturday mornings of each week and shall not incur any liability for failure then to exercise all of the lawful functions authorized by law; provided, that nothing herein shall be construed to compel any corporation, firm or individual doing a banking business in this state to suspend lawful functions on Wednesday, Thursday or Saturday mornings of each week.Acts 1949, ch. 187, § 1; C. Supp. 1950, § 7521.2; Acts 1953, ch. 175, § 1; T.C.A. (orig. ed.), § 55-104.\n\nEvery corporation, firm or individual doing a banking business in this state has the privilege and option to suspend business activities completely or partially on Wednesday, Thursday or Saturday mornings of each week and shall not incur any liability for failure then to exercise all of the lawful functions authorized by law; provided, that nothing herein shall be construed to compel any corporation, firm or individual doing a banking business in this state to suspend lawful functions on Wednesday, Thursday or Saturday mornings of each week.\n\nActs 1949, ch. 187, § 1; C. Supp. 1950, § 7521.2; Acts 1953, ch. 175, § 1; T.C.A. (orig. ed.), § 55-104.",
      "history": "",
      "source_url": "https://law.justia.com/codes/tennessee/title-15/chapter-1/section-15-1-104/"
    },
    {
      "id": "section-15-1-105",
      "number": "15-1-105",
      "heading": "Veterans' Day as holiday for veteran employees",
      "text": "(a)As used in this section:(1)\"Employee\" means a natural person who performs services for an employer for valuable consideration, and does not include a self-employed independent contractor;(2)\"Employer\" means a person or entity that employs one (1) or more employees, and includes the state and its political subdivisions; and(3)\"Veteran\" means a former member of the armed forces of the United States, or a former or current member of a reserve or Tennessee national guard unit who was called into active military service of the United States, as defined in §58-1-102.(b)An employer shall allow the employer's veteran employees to have the entirety of November 11, Veterans' Day, as a non-paid holiday if:(1)The veteran employee provides the employer with at least one-month's written notice of the veteran employee's intent to have the entirety of that day as a non-paid holiday;(2)The veteran employee provides the employer with proof of veteran status, which may include, but is not limited to, a DD Form 214 or other comparable certificate of discharge from the armed forces; and(3)The veteran employee's absence, either alone or in combination with other veteran employee's absences, on that day will not impact public health or safety, or cause the employer significant economic or operational disruption as determined by the employer in the employer's sole discretion.(c)This section does not prohibit an employer from allowing the employer's veteran employees to have the entirety of Veterans' Day as a paid holiday.Added by 2022 Tenn. Acts, ch. 854, s 1, eff. 4/20/2022.\n\n(a)As used in this section:(1)\"Employee\" means a natural person who performs services for an employer for valuable consideration, and does not include a self-employed independent contractor;(2)\"Employer\" means a person or entity that employs one (1) or more employees, and includes the state and its political subdivisions; and(3)\"Veteran\" means a former member of the armed forces of the United States, or a former or current member of a reserve or Tennessee national guard unit who was called into active military service of the United States, as defined in §58-1-102.(b)An employer shall allow the employer's veteran employees to have the entirety of November 11, Veterans' Day, as a non-paid holiday if:(1)The veteran employee provides the employer with at least one-month's written notice of the veteran employee's intent to have the entirety of that day as a non-paid holiday;(2)The veteran employee provides the employer with proof of veteran status, which may include, but is not limited to, a DD Form 214 or other comparable certificate of discharge from the armed forces; and(3)The veteran employee's absence, either alone or in combination with other veteran employee's absences, on that day will not impact public health or safety, or cause the employer significant economic or operational disruption as determined by the employer in the employer's sole discretion.(c)This section does not prohibit an employer from allowing the employer's veteran employees to have the entirety of Veterans' Day as a paid holiday.Added by 2022 Tenn. Acts, ch. 854, s 1, eff. 4/20/2022.\n\n(a)As used in this section:(1)\"Employee\" means a natural person who performs services for an employer for valuable consideration, and does not include a self-employed independent contractor;(2)\"Employer\" means a person or entity that employs one (1) or more employees, and includes the state and its political subdivisions; and(3)\"Veteran\" means a former member of the armed forces of the United States, or a former or current member of a reserve or Tennessee national guard unit who was called into active military service of the United States, as defined in §58-1-102.(b)An employer shall allow the employer's veteran employees to have the entirety of November 11, Veterans' Day, as a non-paid holiday if:(1)The veteran employee provides the employer with at least one-month's written notice of the veteran employee's intent to have the entirety of that day as a non-paid holiday;(2)The veteran employee provides the employer with proof of veteran status, which may include, but is not limited to, a DD Form 214 or other comparable certificate of discharge from the armed forces; and(3)The veteran employee's absence, either alone or in combination with other veteran employee's absences, on that day will not impact public health or safety, or cause the employer significant economic or operational disruption as determined by the employer in the employer's sole discretion.(c)This section does not prohibit an employer from allowing the employer's veteran employees to have the entirety of Veterans' Day as a paid holiday.Added by 2022 Tenn. Acts, ch. 854, s 1, eff. 4/20/2022.\n\nAdded by 2022 Tenn. Acts, ch. 854, s 1, eff. 4/20/2022.",
      "history": "",
      "source_url": "https://law.justia.com/codes/tennessee/title-15/chapter-1/section-15-1-105/"
    }
  ]
}